lead_id,created_at,demo_scheduled_at,delay_hours,priority,parent_timezone,rep_assigned,rep_shift,follow_up_attempts,demo_joined,demo_completed,converted,action
L101186,2026-07-22 00:50:00,2026-08-03 06:16:00,293.43333333333334,HIGH,America/New_York,AD-07,IST_SHIFT,3,Y,Y,N,Attempt to reschedule demo within 48h or escalate
L101949,2026-07-29 14:22:00,2026-08-10 19:23:00,293.01666666666665,HIGH,Europe/London,AD-09,IST_SHIFT,3,N,N,N,Attempt to reschedule demo within 48h or escalate
L104788,2026-07-29 15:49:00,2026-08-10 19:41:00,291.8666666666667,HIGH,America/New_York,AD-04,US_SHIFT,2,Y,Y,Y,Attempt to reschedule demo within 48h or escalate
L101402,2026-07-24 13:21:00,2026-08-05 00:19:00,274.96666666666664,HIGH,America/New_York,AD-10,SEA_SHIFT,4,N,N,N,Attempt to reschedule demo within 48h or escalate
L101876,2026-07-03 19:44:00,2026-07-14 20:19:00,264.5833333333333,HIGH,Asia/Ho_Chi_Minh,AD-09,IST_SHIFT,3,Y,Y,N,Attempt to reschedule demo within 48h or escalate
L103450,2026-07-04 09:21:00,2026-07-15 08:31:00,263.1666666666667,HIGH,America/New_York,AD-08,IST_SHIFT,3,Y,Y,N,Attempt to reschedule demo within 48h or escalate
L104792,2026-07-31 09:00:00,2026-08-10 21:09:00,252.15,HIGH,Asia/Dubai,AD-06,IST_SHIFT,2,Y,Y,Y,Attempt to reschedule demo within 48h or escalate
L100391,2026-06-09 02:44:00,2026-06-19 12:29:00,249.75,HIGH,Asia/Ho_Chi_Minh,AD-02,US_SHIFT,1,N,N,N,Attempt to reschedule demo within 48h or escalate
L101527,2026-06-13 08:16:00,2026-06-23 15:19:00,247.05,HIGH,America/New_York,AD-02,US_SHIFT,2,N,N,N,Attempt to reschedule demo within 48h or escalate
L103427,2026-07-21 13:09:00,2026-07-31 19:02:00,245.88333333333333,HIGH,Asia/Kolkata,AD-09,IST_SHIFT,2,N,N,N,Attempt to reschedule demo within 48h or escalate
L104283,2026-06-21 04:04:00,2026-07-01 09:09:00,245.08333333333334,HIGH,Asia/Ho_Chi_Minh,AD-01,US_SHIFT,1,Y,Y,N,Attempt to reschedule demo within 48h or escalate
L103655,2026-06-11 17:15:00,2026-06-21 21:32:00,244.28333333333333,HIGH,Europe/London,AD-01,US_SHIFT,6,Y,Y,N,Attempt to reschedule demo within 48h or escalate
L101823,2026-07-25 13:53:00,2026-08-04 16:21:00,242.46666666666667,HIGH,Asia/Ho_Chi_Minh,AD-10,SEA_SHIFT,3,N,N,N,Attempt to reschedule demo within 48h or escalate
L102488,2026-06-26 17:25:00,2026-07-06 16:27:00,239.03333333333333,HIGH,America/New_York,AD-06,IST_SHIFT,1,N,N,N,Attempt to reschedule demo within 48h or escalate
L102730,2026-07-25 15:49:00,2026-08-04 12:46:00,236.95,HIGH,America/New_York,AD-01,US_SHIFT,0,N,N,N,Attempt to reschedule demo within 48h or escalate
L102710,2026-06-21 05:36:00,2026-07-01 02:11:00,236.58333333333334,HIGH,America/New_York,AD-09,IST_SHIFT,3,N,N,N,Attempt to reschedule demo within 48h or escalate
L104076,2026-06-09 03:54:00,2026-06-18 23:31:00,235.61666666666667,HIGH,Asia/Riyadh,AD-03,US_SHIFT,3,N,N,N,Attempt to reschedule demo within 48h or escalate
L100086,2026-07-18 00:58:00,2026-07-27 19:11:00,234.21666666666667,HIGH,America/New_York,AD-06,IST_SHIFT,6,Y,Y,N,Attempt to reschedule demo within 48h or escalate
L103431,2026-07-22 05:53:00,2026-07-31 23:45:00,233.86666666666667,HIGH,Asia/Dubai,AD-02,US_SHIFT,5,N,N,N,Attempt to reschedule demo within 48h or escalate
L102516,2026-07-14 19:29:00,2026-07-24 11:34:00,232.08333333333334,HIGH,America/New_York,AD-03,US_SHIFT,6,Y,Y,Y,Attempt to reschedule demo within 48h or escalate
L101872,2026-06-28 03:50:00,2026-07-07 18:30:00,230.66666666666666,HIGH,America/New_York,AD-03,US_SHIFT,0,Y,Y,Y,Attempt to reschedule demo within 48h or escalate
L104290,2026-06-20 09:34:00,2026-06-29 23:01:00,229.45,HIGH,Asia/Ho_Chi_Minh,AD-05,IST_SHIFT,0,Y,Y,Y,Attempt to reschedule demo within 48h or escalate
L103333,2026-07-04 16:24:00,2026-07-14 05:32:00,229.13333333333333,HIGH,Asia/Riyadh,AD-09,IST_SHIFT,3,Y,Y,N,Attempt to reschedule demo within 48h or escalate
L101767,2026-07-02 15:18:00,2026-07-12 04:00:00,228.7,HIGH,Asia/Ho_Chi_Minh,AD-07,IST_SHIFT,0,N,N,N,Attempt to reschedule demo within 48h or escalate
L103039,2026-06-05 19:54:00,2026-06-15 05:51:00,225.95,HIGH,Australia/Sydney,AD-01,US_SHIFT,4,Y,Y,N,Attempt to reschedule demo within 48h or escalate
L104926,2026-06-10 02:49:00,2026-06-19 11:41:00,224.86666666666667,HIGH,Asia/Kolkata,AD-04,US_SHIFT,3,Y,Y,N,Attempt to reschedule demo within 48h or escalate
L101118,2026-06-22 18:44:00,2026-07-02 02:33:00,223.81666666666666,HIGH,Europe/London,AD-03,US_SHIFT,1,N,N,N,Attempt to reschedule demo within 48h or escalate
L103725,2026-07-23 10:43:00,2026-08-01 18:00:00,223.28333333333333,HIGH,America/New_York,AD-02,US_SHIFT,2,N,N,N,Attempt to reschedule demo within 48h or escalate
L104372,2026-07-03 16:01:00,2026-07-12 23:18:00,223.28333333333333,HIGH,Asia/Ho_Chi_Minh,AD-11,SEA_SHIFT,4,Y,Y,Y,Attempt to reschedule demo within 48h or escalate
L103998,2026-07-03 19:22:00,2026-07-13 01:59:00,222.61666666666667,HIGH,America/New_York,AD-04,US_SHIFT,1,Y,Y,N,Attempt to reschedule demo within 48h or escalate
L100552,2026-06-03 01:36:00,2026-06-12 06:51:00,221.25,HIGH,Asia/Ho_Chi_Minh,AD-08,IST_SHIFT,0,N,N,N,Attempt to reschedule demo within 48h or escalate
L102489,2026-07-02 22:57:00,2026-07-12 01:45:00,218.8,HIGH,Asia/Singapore,AD-03,US_SHIFT,2,N,N,N,Attempt to reschedule demo within 48h or escalate
L100181,2026-07-05 13:05:00,2026-07-14 15:42:00,218.61666666666667,HIGH,Europe/London,AD-06,IST_SHIFT,4,Y,Y,Y,Attempt to reschedule demo within 48h or escalate
L100421,2026-06-21 08:51:00,2026-06-30 11:03:00,218.2,HIGH,Asia/Dubai,AD-07,IST_SHIFT,5,N,N,N,Attempt to reschedule demo within 48h or escalate
L100690,2026-07-30 18:29:00,2026-08-08 19:58:00,217.48333333333332,HIGH,Asia/Kolkata,AD-01,US_SHIFT,5,Y,Y,N,Attempt to reschedule demo within 48h or escalate
L101761,2026-06-23 17:20:00,2026-07-02 17:52:00,216.53333333333333,HIGH,America/New_York,AD-12,US_SHIFT,3,N,N,N,Attempt to reschedule demo within 48h or escalate
L104331,2026-06-03 00:50:00,2026-06-12 00:01:00,215.18333333333334,HIGH,America/New_York,AD-05,IST_SHIFT,7,Y,N,N,Attempt to reschedule demo within 48h or escalate
L101940,2026-07-27 16:25:00,2026-08-05 14:59:00,214.56666666666666,HIGH,America/New_York,AD-04,US_SHIFT,3,Y,Y,N,Attempt to reschedule demo within 48h or escalate
L103361,2026-07-25 07:41:00,2026-08-03 03:52:00,212.18333333333334,HIGH,Asia/Dubai,AD-10,SEA_SHIFT,8,N,N,N,Attempt to reschedule demo within 48h or escalate
L104731,2026-07-08 04:17:00,2026-07-17 00:16:00,211.98333333333332,HIGH,Asia/Riyadh,AD-07,IST_SHIFT,1,Y,N,N,Attempt to reschedule demo within 48h or escalate
L100965,2026-06-14 02:54:00,2026-06-22 21:16:00,210.36666666666667,HIGH,Asia/Ho_Chi_Minh,AD-09,IST_SHIFT,3,N,N,N,Attempt to reschedule demo within 48h or escalate
L100839,2026-06-26 08:22:00,2026-07-05 02:40:00,210.3,HIGH,America/New_York,AD-03,US_SHIFT,3,Y,Y,N,Attempt to reschedule demo within 48h or escalate
L102032,2026-06-03 12:25:00,2026-06-12 06:18:00,209.88333333333333,HIGH,Asia/Ho_Chi_Minh,AD-04,US_SHIFT,1,Y,Y,N,Attempt to reschedule demo within 48h or escalate
L104489,2026-07-31 02:07:00,2026-08-08 19:43:00,209.6,HIGH,Australia/Sydney,AD-06,IST_SHIFT,4,N,N,N,Attempt to reschedule demo within 48h or escalate
L101580,2026-06-17 22:40:00,2026-06-26 16:01:00,209.35,HIGH,Australia/Sydney,AD-08,IST_SHIFT,1,N,N,N,Attempt to reschedule demo within 48h or escalate
L101187,2026-06-04 12:12:00,2026-06-13 05:05:00,208.88333333333333,HIGH,Australia/Sydney,AD-06,IST_SHIFT,0,N,N,N,Attempt to reschedule demo within 48h or escalate
L100495,2026-06-09 12:29:00,2026-06-18 04:36:00,208.11666666666667,HIGH,America/New_York,AD-04,US_SHIFT,6,Y,Y,N,Attempt to reschedule demo within 48h or escalate
L101983,2026-06-28 04:34:00,2026-07-06 18:09:00,205.58333333333334,HIGH,Asia/Riyadh,AD-10,SEA_SHIFT,3,N,N,N,Attempt to reschedule demo within 48h or escalate
L104164,2026-07-31 00:06:00,2026-08-08 12:59:00,204.88333333333333,HIGH,America/New_York,AD-05,IST_SHIFT,2,Y,Y,N,Attempt to reschedule demo within 48h or escalate
L102788,2026-07-03 19:48:00,2026-07-12 08:36:00,204.8,HIGH,Asia/Ho_Chi_Minh,AD-09,IST_SHIFT,1,N,N,N,Attempt to reschedule demo within 48h or escalate
L102759,2026-07-29 05:16:00,2026-08-06 17:57:00,204.68333333333334,HIGH,Asia/Ho_Chi_Minh,AD-09,IST_SHIFT,5,Y,Y,N,Attempt to reschedule demo within 48h or escalate
L100981,2026-06-14 07:48:00,2026-06-22 19:54:00,204.1,HIGH,Asia/Kolkata,AD-08,IST_SHIFT,7,N,N,N,Attempt to reschedule demo within 48h or escalate
L100103,2026-06-17 00:59:00,2026-06-25 12:32:00,203.55,HIGH,Asia/Riyadh,AD-05,IST_SHIFT,3,Y,Y,N,Attempt to reschedule demo within 48h or escalate
L103514,2026-07-06 21:11:00,2026-07-15 08:34:00,203.38333333333333,HIGH,Australia/Sydney,AD-05,IST_SHIFT,2,N,N,N,Attempt to reschedule demo within 48h or escalate
L101045,2026-07-11 11:57:00,2026-07-19 23:14:00,203.28333333333333,HIGH,America/New_York,AD-05,IST_SHIFT,0,Y,Y,N,Attempt to reschedule demo within 48h or escalate
L102820,2026-07-01 18:44:00,2026-07-10 05:50:00,203.1,HIGH,America/New_York,AD-06,IST_SHIFT,3,Y,N,N,Attempt to reschedule demo within 48h or escalate
L103024,2026-06-10 01:19:00,2026-06-18 10:50:00,201.51666666666668,HIGH,America/New_York,AD-08,IST_SHIFT,3,Y,Y,Y,Attempt to reschedule demo within 48h or escalate
L100523,2026-07-14 07:54:00,2026-07-22 16:14:00,200.33333333333334,HIGH,Europe/London,AD-01,US_SHIFT,4,N,N,N,Attempt to reschedule demo within 48h or escalate
L102236,2026-06-03 05:37:00,2026-06-11 12:37:00,199.0,HIGH,America/New_York,AD-06,IST_SHIFT,6,N,N,N,Attempt to reschedule demo within 48h or escalate
L104370,2026-06-17 07:53:00,2026-06-25 14:22:00,198.48333333333332,HIGH,America/New_York,AD-07,IST_SHIFT,2,N,N,N,Attempt to reschedule demo within 48h or escalate
L104674,2026-06-08 21:01:00,2026-06-17 03:02:00,198.01666666666668,HIGH,America/New_York,AD-06,IST_SHIFT,2,N,N,N,Attempt to reschedule demo within 48h or escalate
L102744,2026-06-30 07:20:00,2026-07-08 13:20:00,198.0,HIGH,America/New_York,AD-02,US_SHIFT,0,Y,Y,N,Attempt to reschedule demo within 48h or escalate
L100873,2026-06-13 12:21:00,2026-06-21 18:03:00,197.7,HIGH,Asia/Dubai,AD-01,US_SHIFT,4,Y,Y,Y,Attempt to reschedule demo within 48h or escalate
L100444,2026-06-23 04:07:00,2026-07-01 09:11:00,197.06666666666666,HIGH,Asia/Ho_Chi_Minh,AD-05,IST_SHIFT,4,N,N,N,Attempt to reschedule demo within 48h or escalate
L100527,2026-06-04 08:51:00,2026-06-12 12:57:00,196.1,HIGH,America/New_York,AD-02,US_SHIFT,2,Y,Y,Y,Attempt to reschedule demo within 48h or escalate
L100608,2026-07-25 18:31:00,2026-08-02 21:50:00,195.31666666666666,HIGH,America/New_York,AD-02,US_SHIFT,1,Y,Y,Y,Attempt to reschedule demo within 48h or escalate
L102312,2026-06-16 20:14:00,2026-06-24 21:23:00,193.15,HIGH,Asia/Singapore,AD-02,US_SHIFT,1,N,N,N,Attempt to reschedule demo within 48h or escalate
L100609,2026-06-19 02:55:00,2026-06-27 04:01:00,193.1,HIGH,Europe/London,AD-02,US_SHIFT,4,N,N,N,Attempt to reschedule demo within 48h or escalate
L104053,2026-06-17 19:21:00,2026-06-25 19:16:00,191.91666666666666,HIGH,Asia/Ho_Chi_Minh,AD-02,US_SHIFT,1,N,N,N,Attempt to reschedule demo within 48h or escalate
L101786,2026-07-12 05:11:00,2026-07-20 05:02:00,191.85,HIGH,Asia/Riyadh,AD-11,SEA_SHIFT,2,Y,Y,N,Attempt to reschedule demo within 48h or escalate
L103576,2026-07-31 16:28:00,2026-08-08 15:05:00,190.61666666666667,HIGH,America/New_York,AD-08,IST_SHIFT,2,N,N,N,Attempt to reschedule demo within 48h or escalate
L101877,2026-06-21 05:24:00,2026-06-29 03:22:00,189.96666666666667,HIGH,Asia/Ho_Chi_Minh,AD-08,IST_SHIFT,6,Y,N,N,Attempt to reschedule demo within 48h or escalate
L101042,2026-07-31 17:04:00,2026-08-08 14:39:00,189.58333333333334,HIGH,Asia/Ho_Chi_Minh,AD-07,IST_SHIFT,2,Y,Y,Y,Attempt to reschedule demo within 48h or escalate
L102494,2026-07-08 19:37:00,2026-07-16 15:52:00,188.25,HIGH,America/New_York,AD-06,IST_SHIFT,2,N,N,N,Attempt to reschedule demo within 48h or escalate
L100479,2026-07-28 00:38:00,2026-08-04 20:47:00,188.15,HIGH,America/New_York,AD-12,US_SHIFT,3,N,N,N,Attempt to reschedule demo within 48h or escalate
L101086,2026-06-19 00:31:00,2026-06-26 20:12:00,187.68333333333334,HIGH,Europe/London,AD-03,US_SHIFT,3,Y,Y,N,Attempt to reschedule demo within 48h or escalate
L100739,2026-06-26 21:33:00,2026-07-04 16:42:00,187.15,HIGH,Asia/Kolkata,AD-04,US_SHIFT,2,N,N,N,Attempt to reschedule demo within 48h or escalate
L104244,2026-07-12 02:40:00,2026-07-19 21:06:00,186.43333333333334,HIGH,Asia/Ho_Chi_Minh,AD-01,US_SHIFT,2,Y,Y,N,Attempt to reschedule demo within 48h or escalate
L102048,2026-06-27 08:32:00,2026-07-05 02:36:00,186.06666666666666,HIGH,America/New_York,AD-12,US_SHIFT,1,Y,Y,N,Attempt to reschedule demo within 48h or escalate
L103988,2026-07-19 10:53:00,2026-07-27 04:54:00,186.01666666666668,HIGH,America/New_York,AD-02,US_SHIFT,1,Y,N,N,Attempt to reschedule demo within 48h or escalate
L103718,2026-07-04 20:13:00,2026-07-12 13:41:00,185.46666666666667,HIGH,America/New_York,AD-01,US_SHIFT,1,N,N,N,Attempt to reschedule demo within 48h or escalate
L101909,2026-07-31 20:10:00,2026-08-08 13:21:00,185.18333333333334,HIGH,Asia/Ho_Chi_Minh,AD-02,US_SHIFT,3,N,N,N,Attempt to reschedule demo within 48h or escalate
L103746,2026-07-05 14:31:00,2026-07-13 07:25:00,184.9,HIGH,America/New_York,AD-05,IST_SHIFT,3,N,N,N,Attempt to reschedule demo within 48h or escalate
L103477,2026-06-29 04:06:00,2026-07-06 20:49:00,184.71666666666667,HIGH,America/New_York,AD-08,IST_SHIFT,1,Y,N,N,Attempt to reschedule demo within 48h or escalate
L100575,2026-06-14 01:03:00,2026-06-21 17:27:00,184.4,HIGH,Asia/Kolkata,AD-08,IST_SHIFT,1,Y,Y,N,Attempt to reschedule demo within 48h or escalate
L103830,2026-07-23 11:02:00,2026-07-31 02:25:00,183.38333333333333,HIGH,Asia/Singapore,AD-12,US_SHIFT,5,N,N,N,Attempt to reschedule demo within 48h or escalate
L101912,2026-06-14 03:40:00,2026-06-21 18:56:00,183.26666666666668,HIGH,America/New_York,AD-09,IST_SHIFT,2,N,N,N,Attempt to reschedule demo within 48h or escalate
L104589,2026-07-31 09:56:00,2026-08-08 00:27:00,182.51666666666668,HIGH,America/New_York,AD-02,US_SHIFT,1,N,N,N,Attempt to reschedule demo within 48h or escalate
L103153,2026-07-14 19:09:00,2026-07-22 09:40:00,182.51666666666668,HIGH,America/New_York,AD-09,IST_SHIFT,2,N,N,N,Attempt to reschedule demo within 48h or escalate
L101822,2026-06-22 16:15:00,2026-06-30 06:29:00,182.23333333333332,HIGH,America/New_York,AD-03,US_SHIFT,6,N,N,N,Attempt to reschedule demo within 48h or escalate
L104332,2026-06-09 03:42:00,2026-06-16 17:11:00,181.48333333333332,HIGH,Asia/Ho_Chi_Minh,AD-06,IST_SHIFT,2,N,N,N,Attempt to reschedule demo within 48h or escalate
L102315,2026-07-26 19:37:00,2026-08-03 08:53:00,181.26666666666668,HIGH,Australia/Sydney,AD-09,IST_SHIFT,4,N,N,N,Attempt to reschedule demo within 48h or escalate
L102589,2026-07-07 02:25:00,2026-07-14 14:53:00,180.46666666666667,HIGH,Australia/Sydney,AD-05,IST_SHIFT,3,N,N,N,Attempt to reschedule demo within 48h or escalate
L103250,2026-06-23 14:47:00,2026-07-01 03:00:00,180.21666666666667,HIGH,Asia/Riyadh,AD-01,US_SHIFT,3,N,N,N,Attempt to reschedule demo within 48h or escalate
L102013,2026-06-17 02:25:00,2026-06-24 14:29:00,180.06666666666666,HIGH,Asia/Dubai,AD-05,IST_SHIFT,2,Y,Y,N,Attempt to reschedule demo within 48h or escalate
L101584,2026-06-23 16:04:00,2026-07-01 04:07:00,180.05,HIGH,Asia/Dubai,AD-11,SEA_SHIFT,0,N,N,N,Attempt to reschedule demo within 48h or escalate
L101696,2026-07-25 13:58:00,2026-08-02 01:57:00,179.98333333333332,HIGH,America/New_York,AD-05,IST_SHIFT,0,Y,N,N,Attempt to reschedule demo within 48h or escalate
L101158,2026-07-14 10:25:00,2026-07-21 21:57:00,179.53333333333333,HIGH,America/New_York,AD-08,IST_SHIFT,0,N,N,N,Attempt to reschedule demo within 48h or escalate
L104831,2026-07-28 01:26:00,2026-08-04 12:31:00,179.08333333333334,HIGH,Asia/Riyadh,AD-06,IST_SHIFT,2,Y,Y,Y,Attempt to reschedule demo within 48h or escalate
L104516,2026-07-14 04:10:00,2026-07-21 14:12:00,178.03333333333333,HIGH,Australia/Sydney,AD-01,US_SHIFT,0,N,N,N,Attempt to reschedule demo within 48h or escalate
L102696,2026-06-21 08:49:00,2026-06-28 18:28:00,177.65,HIGH,Europe/London,AD-08,IST_SHIFT,2,N,N,N,Attempt to reschedule demo within 48h or escalate
L101621,2026-07-21 18:05:00,2026-07-29 03:43:00,177.63333333333333,HIGH,America/New_York,AD-09,IST_SHIFT,3,N,N,N,Attempt to reschedule demo within 48h or escalate
L104959,2026-07-20 05:01:00,2026-07-27 14:36:00,177.58333333333334,HIGH,Europe/London,AD-08,IST_SHIFT,4,N,N,N,Attempt to reschedule demo within 48h or escalate
L101998,2026-06-27 04:29:00,2026-07-04 13:37:00,177.13333333333333,HIGH,Asia/Dubai,AD-07,IST_SHIFT,1,N,N,N,Attempt to reschedule demo within 48h or escalate
L104848,2026-07-19 12:35:00,2026-07-26 21:32:00,176.95,HIGH,Europe/London,AD-02,US_SHIFT,4,Y,Y,Y,Attempt to reschedule demo within 48h or escalate
L102740,2026-07-22 20:12:00,2026-07-30 04:39:00,176.45,HIGH,Asia/Ho_Chi_Minh,AD-02,US_SHIFT,2,N,N,N,Attempt to reschedule demo within 48h or escalate
L103254,2026-07-11 04:44:00,2026-07-18 12:33:00,175.81666666666666,HIGH,Australia/Sydney,AD-06,IST_SHIFT,2,Y,Y,N,Attempt to reschedule demo within 48h or escalate
L102495,2026-06-17 19:28:00,2026-06-25 03:15:00,175.78333333333333,HIGH,America/New_York,AD-04,US_SHIFT,2,N,N,N,Attempt to reschedule demo within 48h or escalate
L100881,2026-06-12 02:56:00,2026-06-19 10:24:00,175.46666666666667,HIGH,America/New_York,AD-06,IST_SHIFT,6,N,N,N,Attempt to reschedule demo within 48h or escalate
L104377,2026-06-28 07:44:00,2026-07-05 14:32:00,174.8,HIGH,Asia/Singapore,AD-12,US_SHIFT,2,N,N,N,Attempt to reschedule demo within 48h or escalate
L104184,2026-07-11 12:57:00,2026-07-18 19:14:00,174.28333333333333,HIGH,America/New_York,AD-04,US_SHIFT,2,N,N,N,Attempt to reschedule demo within 48h or escalate
L100513,2026-06-24 19:15:00,2026-07-02 00:26:00,173.18333333333334,HIGH,Asia/Kolkata,AD-10,SEA_SHIFT,2,Y,Y,N,Attempt to reschedule demo within 48h or escalate
L103681,2026-06-12 23:04:00,2026-06-20 04:15:00,173.18333333333334,HIGH,Asia/Ho_Chi_Minh,AD-01,US_SHIFT,0,N,N,N,Attempt to reschedule demo within 48h or escalate
L104625,2026-07-09 03:28:00,2026-07-16 07:42:00,172.23333333333332,HIGH,Asia/Singapore,AD-10,SEA_SHIFT,0,Y,Y,N,Attempt to reschedule demo within 48h or escalate
L101742,2026-06-02 09:03:00,2026-06-09 13:16:00,172.21666666666667,HIGH,Asia/Dubai,AD-11,SEA_SHIFT,4,N,N,N,Attempt to reschedule demo within 48h or escalate
L101610,2026-06-17 18:16:00,2026-06-24 21:55:00,171.65,HIGH,Asia/Ho_Chi_Minh,AD-10,SEA_SHIFT,1,N,N,N,Attempt to reschedule demo within 48h or escalate
L102341,2026-07-10 10:49:00,2026-07-17 14:12:00,171.38333333333333,HIGH,America/New_York,AD-06,IST_SHIFT,0,N,N,N,Attempt to reschedule demo within 48h or escalate
L103307,2026-06-15 07:19:00,2026-06-22 10:13:00,170.9,HIGH,Asia/Ho_Chi_Minh,AD-07,IST_SHIFT,0,N,N,N,Attempt to reschedule demo within 48h or escalate
L104479,2026-06-26 11:46:00,2026-07-03 14:19:00,170.55,HIGH,America/New_York,AD-01,US_SHIFT,4,Y,Y,N,Attempt to reschedule demo within 48h or escalate
L103678,2026-06-09 01:26:00,2026-06-16 03:56:00,170.5,HIGH,America/New_York,AD-09,IST_SHIFT,4,N,N,N,Attempt to reschedule demo within 48h or escalate
L104091,2026-07-28 23:47:00,2026-08-05 01:31:00,169.73333333333332,HIGH,Asia/Dubai,AD-10,SEA_SHIFT,4,Y,Y,N,Attempt to reschedule demo within 48h or escalate
L104058,2026-06-08 15:17:00,2026-06-15 16:27:00,169.16666666666666,HIGH,America/New_York,AD-12,US_SHIFT,3,N,N,N,Attempt to reschedule demo within 48h or escalate
L102346,2026-07-23 23:11:00,2026-07-30 23:48:00,168.61666666666667,HIGH,America/New_York,AD-01,US_SHIFT,4,Y,Y,N,Attempt to reschedule demo within 48h or escalate
L104368,2026-07-04 21:32:00,2026-07-11 21:43:00,168.18333333333334,HIGH,Australia/Sydney,AD-04,US_SHIFT,7,Y,N,N,Attempt to reschedule demo within 48h or escalate
L104879,2026-07-29 01:24:00,2026-08-05 00:28:00,167.06666666666666,HIGH,Australia/Sydney,AD-05,IST_SHIFT,1,Y,Y,Y,Attempt to reschedule demo within 48h or escalate
L101081,2026-07-14 05:10:00,2026-07-21 02:44:00,165.56666666666666,HIGH,Europe/London,AD-08,IST_SHIFT,3,Y,Y,N,Attempt to reschedule demo within 48h or escalate
L102317,2026-06-17 09:07:00,2026-06-24 06:32:00,165.41666666666666,HIGH,Asia/Kolkata,AD-04,US_SHIFT,3,N,N,N,Attempt to reschedule demo within 48h or escalate
L104543,2026-07-25 00:39:00,2026-07-31 21:41:00,165.03333333333333,HIGH,Asia/Riyadh,AD-09,IST_SHIFT,4,Y,Y,N,Attempt to reschedule demo within 48h or escalate
L100123,2026-06-25 18:47:00,2026-07-02 14:53:00,164.1,HIGH,Europe/London,AD-04,US_SHIFT,4,Y,Y,N,Attempt to reschedule demo within 48h or escalate
L104834,2026-06-14 22:16:00,2026-06-21 18:16:00,164.0,HIGH,Asia/Kolkata,AD-06,IST_SHIFT,4,N,N,N,Attempt to reschedule demo within 48h or escalate
L101647,2026-06-14 19:05:00,2026-06-21 15:00:00,163.91666666666666,HIGH,America/New_York,AD-08,IST_SHIFT,3,Y,Y,N,Attempt to reschedule demo within 48h or escalate
L103808,2026-07-01 09:06:00,2026-07-08 04:28:00,163.36666666666667,HIGH,Europe/London,AD-03,US_SHIFT,3,N,N,N,Attempt to reschedule demo within 48h or escalate
L103767,2026-07-24 22:46:00,2026-07-31 18:01:00,163.25,HIGH,Asia/Dubai,AD-01,US_SHIFT,2,N,N,N,Attempt to reschedule demo within 48h or escalate
L102907,2026-06-30 19:09:00,2026-07-07 14:15:00,163.1,HIGH,America/New_York,AD-08,IST_SHIFT,1,N,N,N,Attempt to reschedule demo within 48h or escalate
L104322,2026-07-13 19:40:00,2026-07-20 14:38:00,162.96666666666667,HIGH,America/New_York,AD-01,US_SHIFT,2,N,N,N,Attempt to reschedule demo within 48h or escalate
L104280,2026-07-28 22:35:00,2026-08-04 17:20:00,162.75,HIGH,America/New_York,AD-04,US_SHIFT,1,N,N,N,Attempt to reschedule demo within 48h or escalate
L100691,2026-07-12 15:57:00,2026-07-19 10:37:00,162.66666666666666,HIGH,America/New_York,AD-12,US_SHIFT,4,N,N,N,Attempt to reschedule demo within 48h or escalate
L101120,2026-06-05 20:16:00,2026-06-12 14:42:00,162.43333333333334,HIGH,Asia/Riyadh,AD-07,IST_SHIFT,3,N,N,N,Attempt to reschedule demo within 48h or escalate
L102690,2026-07-06 13:25:00,2026-07-13 07:24:00,161.98333333333332,HIGH,America/New_York,AD-08,IST_SHIFT,5,N,N,N,Attempt to reschedule demo within 48h or escalate
L102774,2026-06-20 23:37:00,2026-06-27 17:32:00,161.91666666666666,HIGH,America/New_York,AD-11,SEA_SHIFT,1,N,N,N,Attempt to reschedule demo within 48h or escalate
L104435,2026-06-06 05:46:00,2026-06-12 23:36:00,161.83333333333334,HIGH,Asia/Kolkata,AD-05,IST_SHIFT,2,N,N,N,Attempt to reschedule demo within 48h or escalate
L100159,2026-07-22 18:53:00,2026-07-29 12:29:00,161.6,HIGH,Asia/Singapore,AD-04,US_SHIFT,1,Y,Y,N,Attempt to reschedule demo within 48h or escalate
L102659,2026-07-09 10:55:00,2026-07-16 04:17:00,161.36666666666667,HIGH,Europe/London,AD-12,US_SHIFT,1,N,N,N,Attempt to reschedule demo within 48h or escalate
L100484,2026-06-02 15:03:00,2026-06-09 08:06:00,161.05,HIGH,Australia/Sydney,AD-12,US_SHIFT,1,N,N,N,Attempt to reschedule demo within 48h or escalate
L100023,2026-07-29 01:49:00,2026-08-04 18:45:00,160.93333333333334,HIGH,Asia/Ho_Chi_Minh,AD-09,IST_SHIFT,4,Y,Y,N,Attempt to reschedule demo within 48h or escalate
L103534,2026-06-01 06:38:00,2026-06-07 23:25:00,160.78333333333333,HIGH,Europe/London,AD-01,US_SHIFT,3,N,N,N,Attempt to reschedule demo within 48h or escalate
L100627,2026-06-11 06:43:00,2026-06-17 23:16:00,160.55,HIGH,Australia/Sydney,AD-09,IST_SHIFT,3,Y,Y,Y,Attempt to reschedule demo within 48h or escalate
L101485,2026-07-01 00:49:00,2026-07-07 17:04:00,160.25,HIGH,Asia/Singapore,AD-10,SEA_SHIFT,6,Y,Y,N,Attempt to reschedule demo within 48h or escalate
L103689,2026-07-12 07:33:00,2026-07-18 23:32:00,159.98333333333332,HIGH,Asia/Singapore,AD-03,US_SHIFT,1,N,N,N,Attempt to reschedule demo within 48h or escalate
L101679,2026-07-22 14:08:00,2026-07-29 05:53:00,159.75,HIGH,Asia/Riyadh,AD-05,IST_SHIFT,3,N,N,N,Attempt to reschedule demo within 48h or escalate
L100983,2026-06-23 15:33:00,2026-06-30 07:15:00,159.7,HIGH,Europe/London,AD-04,US_SHIFT,2,N,N,N,Attempt to reschedule demo within 48h or escalate
L102154,2026-06-30 18:19:00,2026-07-07 10:00:00,159.68333333333334,HIGH,America/New_York,AD-11,SEA_SHIFT,1,N,N,N,Attempt to reschedule demo within 48h or escalate
L100465,2026-07-03 21:46:00,2026-07-10 13:02:00,159.26666666666668,HIGH,America/New_York,AD-10,SEA_SHIFT,2,N,N,N,Attempt to reschedule demo within 48h or escalate
L104324,2026-06-08 19:04:00,2026-06-15 10:12:00,159.13333333333333,HIGH,Asia/Kolkata,AD-01,US_SHIFT,4,Y,Y,N,Attempt to reschedule demo within 48h or escalate
L104320,2026-07-15 01:59:00,2026-07-21 17:04:00,159.08333333333334,HIGH,America/New_York,AD-12,US_SHIFT,2,Y,Y,N,Attempt to reschedule demo within 48h or escalate
L102703,2026-07-04 23:48:00,2026-07-11 14:44:00,158.93333333333334,HIGH,America/New_York,AD-03,US_SHIFT,2,N,N,N,Attempt to reschedule demo within 48h or escalate
L103123,2026-06-19 13:48:00,2026-06-26 04:34:00,158.76666666666668,HIGH,America/New_York,AD-09,IST_SHIFT,2,Y,N,N,Attempt to reschedule demo within 48h or escalate
L100750,2026-06-17 05:36:00,2026-06-23 20:18:00,158.7,HIGH,America/New_York,AD-04,US_SHIFT,4,N,N,N,Attempt to reschedule demo within 48h or escalate
L102642,2026-06-07 01:32:00,2026-06-13 15:48:00,158.26666666666668,HIGH,Asia/Riyadh,AD-10,SEA_SHIFT,4,Y,N,N,Attempt to reschedule demo within 48h or escalate
L103196,2026-06-27 09:08:00,2026-07-03 23:19:00,158.18333333333334,HIGH,Asia/Ho_Chi_Minh,AD-03,US_SHIFT,5,N,N,N,Attempt to reschedule demo within 48h or escalate
L100000,2026-06-11 02:41:00,2026-06-17 16:28:00,157.78333333333333,HIGH,Australia/Sydney,AD-08,IST_SHIFT,3,N,N,N,Attempt to reschedule demo within 48h or escalate
L102307,2026-07-04 16:51:00,2026-07-11 05:59:00,157.13333333333333,HIGH,Asia/Ho_Chi_Minh,AD-10,SEA_SHIFT,4,N,N,N,Attempt to reschedule demo within 48h or escalate
L104505,2026-06-22 12:05:00,2026-06-29 01:11:00,157.1,HIGH,Europe/London,AD-11,SEA_SHIFT,3,N,N,N,Attempt to reschedule demo within 48h or escalate
L103992,2026-07-24 03:09:00,2026-07-30 16:10:00,157.01666666666668,HIGH,Asia/Dubai,AD-01,US_SHIFT,5,Y,Y,N,Attempt to reschedule demo within 48h or escalate
L101464,2026-06-19 12:06:00,2026-06-26 00:38:00,156.53333333333333,HIGH,Asia/Ho_Chi_Minh,AD-02,US_SHIFT,3,N,N,N,Attempt to reschedule demo within 48h or escalate
L103209,2026-06-16 10:42:00,2026-06-22 22:44:00,156.03333333333333,HIGH,Asia/Riyadh,AD-05,IST_SHIFT,3,Y,Y,N,Attempt to reschedule demo within 48h or escalate
L100813,2026-07-15 09:13:00,2026-07-21 21:06:00,155.88333333333333,HIGH,Asia/Ho_Chi_Minh,AD-01,US_SHIFT,1,Y,Y,N,Attempt to reschedule demo within 48h or escalate
L104976,2026-06-12 03:19:00,2026-06-18 15:10:00,155.85,HIGH,America/New_York,AD-05,IST_SHIFT,3,N,N,N,Attempt to reschedule demo within 48h or escalate
L104766,2026-06-23 16:43:00,2026-06-30 04:27:00,155.73333333333332,HIGH,Asia/Singapore,AD-02,US_SHIFT,3,Y,Y,N,Attempt to reschedule demo within 48h or escalate
L101079,2026-06-11 03:27:00,2026-06-17 15:07:00,155.66666666666666,HIGH,Asia/Kolkata,AD-09,IST_SHIFT,2,N,N,N,Attempt to reschedule demo within 48h or escalate
L100419,2026-06-25 21:07:00,2026-07-02 08:41:00,155.56666666666666,HIGH,America/New_York,AD-05,IST_SHIFT,1,N,N,N,Attempt to reschedule demo within 48h or escalate
L104518,2026-06-12 17:27:00,2026-06-19 04:42:00,155.25,HIGH,Asia/Kolkata,AD-01,US_SHIFT,2,N,N,N,Attempt to reschedule demo within 48h or escalate
L103343,2026-07-25 09:09:00,2026-07-31 20:02:00,154.88333333333333,HIGH,Asia/Kolkata,AD-10,SEA_SHIFT,1,Y,Y,N,Attempt to reschedule demo within 48h or escalate
L103331,2026-07-23 23:41:00,2026-07-30 10:30:00,154.81666666666666,HIGH,America/New_York,AD-08,IST_SHIFT,2,N,N,N,Attempt to reschedule demo within 48h or escalate
L101809,2026-06-15 20:25:00,2026-06-22 07:13:00,154.8,HIGH,America/New_York,AD-03,US_SHIFT,2,N,N,N,Attempt to reschedule demo within 48h or escalate
L103750,2026-07-13 15:34:00,2026-07-20 01:31:00,153.95,HIGH,Asia/Ho_Chi_Minh,AD-05,IST_SHIFT,1,N,N,N,Attempt to reschedule demo within 48h or escalate
L104264,2026-07-18 10:01:00,2026-07-24 19:44:00,153.71666666666667,HIGH,Asia/Ho_Chi_Minh,AD-07,IST_SHIFT,3,N,N,N,Attempt to reschedule demo within 48h or escalate
L104048,2026-07-17 01:17:00,2026-07-23 10:41:00,153.4,HIGH,Asia/Ho_Chi_Minh,AD-12,US_SHIFT,1,N,N,N,Attempt to reschedule demo within 48h or escalate
L103524,2026-07-22 13:53:00,2026-07-28 23:14:00,153.35,HIGH,America/New_York,AD-07,IST_SHIFT,2,Y,Y,N,Attempt to reschedule demo within 48h or escalate
L100350,2026-06-13 11:34:00,2026-06-19 20:51:00,153.28333333333333,HIGH,Europe/London,AD-04,US_SHIFT,1,Y,N,N,Attempt to reschedule demo within 48h or escalate
L103822,2026-06-18 08:43:00,2026-06-24 17:59:00,153.26666666666668,HIGH,America/New_York,AD-06,IST_SHIFT,2,N,N,N,Attempt to reschedule demo within 48h or escalate
L102305,2026-06-24 04:56:00,2026-06-30 14:05:00,153.15,HIGH,Asia/Ho_Chi_Minh,AD-05,IST_SHIFT,3,N,N,N,Attempt to reschedule demo within 48h or escalate
L101282,2026-07-01 15:50:00,2026-07-08 00:55:00,153.08333333333334,HIGH,Asia/Ho_Chi_Minh,AD-01,US_SHIFT,2,Y,Y,N,Attempt to reschedule demo within 48h or escalate
L101739,2026-06-25 21:52:00,2026-07-02 06:43:00,152.85,HIGH,Asia/Ho_Chi_Minh,AD-10,SEA_SHIFT,3,Y,Y,N,Attempt to reschedule demo within 48h or escalate
L104835,2026-06-20 19:22:00,2026-06-27 04:10:00,152.8,HIGH,Europe/London,AD-06,IST_SHIFT,2,N,N,N,Attempt to reschedule demo within 48h or escalate
L102631,2026-06-01 06:27:00,2026-06-07 15:07:00,152.66666666666666,HIGH,Asia/Ho_Chi_Minh,AD-09,IST_SHIFT,7,N,N,N,Attempt to reschedule demo within 48h or escalate
L101533,2026-06-16 19:40:00,2026-06-23 04:07:00,152.45,HIGH,America/New_York,AD-09,IST_SHIFT,8,Y,N,N,Attempt to reschedule demo within 48h or escalate
L102809,2026-06-20 04:08:00,2026-06-26 12:22:00,152.23333333333332,HIGH,Asia/Dubai,AD-02,US_SHIFT,5,N,N,N,Attempt to reschedule demo within 48h or escalate
L100681,2026-06-26 21:31:00,2026-07-03 05:43:00,152.2,HIGH,Asia/Riyadh,AD-07,IST_SHIFT,2,Y,Y,N,Attempt to reschedule demo within 48h or escalate
L102837,2026-06-04 18:46:00,2026-06-11 02:35:00,151.81666666666666,HIGH,Asia/Riyadh,AD-03,US_SHIFT,3,N,N,N,Attempt to reschedule demo within 48h or escalate
L104064,2026-07-06 13:28:00,2026-07-12 21:05:00,151.61666666666667,HIGH,Asia/Ho_Chi_Minh,AD-07,IST_SHIFT,1,N,N,N,Attempt to reschedule demo within 48h or escalate
L103027,2026-07-26 00:28:00,2026-08-01 08:05:00,151.61666666666667,HIGH,America/New_York,AD-05,IST_SHIFT,4,N,N,N,Attempt to reschedule demo within 48h or escalate
L103868,2026-07-14 16:06:00,2026-07-20 23:37:00,151.51666666666668,HIGH,Europe/London,AD-06,IST_SHIFT,0,N,N,N,Attempt to reschedule demo within 48h or escalate
L102046,2026-06-21 06:51:00,2026-06-27 13:59:00,151.13333333333333,HIGH,America/New_York,AD-07,IST_SHIFT,1,N,N,N,Attempt to reschedule demo within 48h or escalate
L104799,2026-07-15 18:52:00,2026-07-22 01:52:00,151.0,HIGH,America/New_York,AD-02,US_SHIFT,4,N,N,N,Attempt to reschedule demo within 48h or escalate
L103046,2026-06-16 10:19:00,2026-06-22 17:16:00,150.95,HIGH,America/New_York,AD-06,IST_SHIFT,2,N,N,N,Attempt to reschedule demo within 48h or escalate
L100349,2026-07-06 15:44:00,2026-07-12 22:39:00,150.91666666666666,HIGH,Asia/Kolkata,AD-08,IST_SHIFT,0,Y,Y,N,Attempt to reschedule demo within 48h or escalate
L100929,2026-06-02 01:15:00,2026-06-08 08:07:00,150.86666666666667,HIGH,America/New_York,AD-03,US_SHIFT,2,N,N,N,Attempt to reschedule demo within 48h or escalate
L100701,2026-07-18 06:03:00,2026-07-24 12:42:00,150.65,HIGH,America/New_York,AD-09,IST_SHIFT,3,N,N,N,Attempt to reschedule demo within 48h or escalate
L102615,2026-06-19 12:30:00,2026-06-25 19:09:00,150.65,HIGH,America/New_York,AD-09,IST_SHIFT,4,Y,Y,N,Attempt to reschedule demo within 48h or escalate
L102778,2026-06-23 07:02:00,2026-06-29 13:25:00,150.38333333333333,HIGH,Asia/Riyadh,AD-01,US_SHIFT,2,Y,Y,N,Attempt to reschedule demo within 48h or escalate
L100653,2026-06-06 19:46:00,2026-06-13 02:02:00,150.26666666666668,HIGH,Asia/Ho_Chi_Minh,AD-04,US_SHIFT,4,N,N,N,Attempt to reschedule demo within 48h or escalate
L102037,2026-06-10 14:19:00,2026-06-16 20:19:00,150.0,HIGH,America/New_York,AD-03,US_SHIFT,1,N,N,N,Attempt to reschedule demo within 48h or escalate
L101473,2026-07-23 01:07:00,2026-07-29 07:05:00,149.96666666666667,HIGH,Asia/Riyadh,AD-10,SEA_SHIFT,1,N,N,N,Attempt to reschedule demo within 48h or escalate
L100206,2026-07-07 22:41:00,2026-07-14 04:15:00,149.56666666666666,HIGH,Asia/Kolkata,AD-12,US_SHIFT,6,Y,Y,N,Attempt to reschedule demo within 48h or escalate
L103099,2026-06-09 23:42:00,2026-06-16 05:11:00,149.48333333333332,HIGH,Asia/Ho_Chi_Minh,AD-02,US_SHIFT,4,N,N,N,Attempt to reschedule demo within 48h or escalate
L101223,2026-07-23 07:09:00,2026-07-29 12:30:00,149.35,HIGH,Asia/Dubai,AD-02,US_SHIFT,2,N,N,N,Attempt to reschedule demo within 48h or escalate
L103533,2026-06-13 20:19:00,2026-06-20 01:21:00,149.03333333333333,HIGH,Asia/Singapore,AD-07,IST_SHIFT,5,Y,Y,Y,Attempt to reschedule demo within 48h or escalate
L103424,2026-07-28 10:09:00,2026-08-03 14:58:00,148.81666666666666,HIGH,America/New_York,AD-05,IST_SHIFT,0,Y,Y,Y,Attempt to reschedule demo within 48h or escalate
L100293,2026-06-17 02:56:00,2026-06-23 07:43:00,148.78333333333333,HIGH,Asia/Singapore,AD-11,SEA_SHIFT,4,N,N,N,Attempt to reschedule demo within 48h or escalate
L104541,2026-07-28 00:53:00,2026-08-03 05:39:00,148.76666666666668,HIGH,Asia/Ho_Chi_Minh,AD-10,SEA_SHIFT,5,Y,Y,Y,Attempt to reschedule demo within 48h or escalate
L100485,2026-07-02 22:52:00,2026-07-09 03:31:00,148.65,HIGH,Australia/Sydney,AD-11,SEA_SHIFT,3,N,N,N,Attempt to reschedule demo within 48h or escalate
L102411,2026-06-14 13:26:00,2026-06-20 18:04:00,148.63333333333333,HIGH,Asia/Ho_Chi_Minh,AD-02,US_SHIFT,2,Y,Y,N,Attempt to reschedule demo within 48h or escalate
L100678,2026-06-05 13:20:00,2026-06-11 17:47:00,148.45,HIGH,America/New_York,AD-05,IST_SHIFT,3,N,N,N,Attempt to reschedule demo within 48h or escalate
L104643,2026-06-19 11:16:00,2026-06-25 15:39:00,148.38333333333333,HIGH,Asia/Dubai,AD-09,IST_SHIFT,1,N,N,N,Attempt to reschedule demo within 48h or escalate
L100324,2026-06-05 19:35:00,2026-06-11 23:50:00,148.25,HIGH,Asia/Ho_Chi_Minh,AD-11,SEA_SHIFT,4,N,N,N,Attempt to reschedule demo within 48h or escalate
L104832,2026-06-05 21:12:00,2026-06-12 00:45:00,147.55,HIGH,America/New_York,AD-05,IST_SHIFT,2,Y,Y,N,Attempt to reschedule demo within 48h or escalate
L101740,2026-07-08 16:32:00,2026-07-14 19:34:00,147.03333333333333,HIGH,Asia/Riyadh,AD-01,US_SHIFT,4,N,N,N,Attempt to reschedule demo within 48h or escalate
L103962,2026-07-25 18:47:00,2026-07-31 21:38:00,146.85,HIGH,Asia/Dubai,AD-12,US_SHIFT,4,N,N,N,Attempt to reschedule demo within 48h or escalate
L102963,2026-06-05 07:24:00,2026-06-11 09:56:00,146.53333333333333,HIGH,Asia/Dubai,AD-12,US_SHIFT,2,N,N,N,Attempt to reschedule demo within 48h or escalate
L102403,2026-07-12 12:35:00,2026-07-18 14:56:00,146.35,HIGH,Asia/Dubai,AD-06,IST_SHIFT,1,Y,Y,N,Attempt to reschedule demo within 48h or escalate
L100606,2026-07-19 10:21:00,2026-07-25 12:08:00,145.78333333333333,HIGH,Asia/Ho_Chi_Minh,AD-01,US_SHIFT,1,N,N,N,Attempt to reschedule demo within 48h or escalate
L100781,2026-07-14 12:42:00,2026-07-20 14:22:00,145.66666666666666,HIGH,Asia/Kolkata,AD-03,US_SHIFT,3,N,N,N,Attempt to reschedule demo within 48h or escalate
L101854,2026-07-25 05:33:00,2026-07-31 07:04:00,145.51666666666668,HIGH,America/New_York,AD-06,IST_SHIFT,6,N,N,N,Attempt to reschedule demo within 48h or escalate
L102291,2026-06-22 04:25:00,2026-06-28 05:56:00,145.51666666666668,HIGH,America/New_York,AD-02,US_SHIFT,3,Y,Y,Y,Attempt to reschedule demo within 48h or escalate
L101812,2026-06-18 11:49:00,2026-06-24 13:08:00,145.31666666666666,HIGH,Asia/Ho_Chi_Minh,AD-08,IST_SHIFT,1,Y,Y,N,Attempt to reschedule demo within 48h or escalate
L103738,2026-06-29 10:27:00,2026-07-05 11:45:00,145.3,HIGH,America/New_York,AD-03,US_SHIFT,3,N,N,N,Attempt to reschedule demo within 48h or escalate
L101336,2026-07-04 15:36:00,2026-07-10 16:41:00,145.08333333333334,HIGH,Asia/Kolkata,AD-11,SEA_SHIFT,3,N,N,N,Attempt to reschedule demo within 48h or escalate
L101694,2026-06-16 07:49:00,2026-06-22 08:45:00,144.93333333333334,HIGH,Asia/Singapore,AD-12,US_SHIFT,5,Y,N,N,Attempt to reschedule demo within 48h or escalate
L102464,2026-07-04 05:08:00,2026-07-10 05:56:00,144.8,HIGH,Asia/Singapore,AD-12,US_SHIFT,4,N,N,N,Attempt to reschedule demo within 48h or escalate
L102316,2026-06-12 02:52:00,2026-06-18 03:37:00,144.75,HIGH,America/New_York,AD-10,SEA_SHIFT,3,Y,Y,N,Attempt to reschedule demo within 48h or escalate
L103682,2026-07-12 13:09:00,2026-07-18 13:50:00,144.68333333333334,HIGH,Europe/London,AD-05,IST_SHIFT,3,N,N,N,Attempt to reschedule demo within 48h or escalate
L103636,2026-06-02 11:02:00,2026-06-08 11:34:00,144.53333333333333,HIGH,Europe/London,AD-02,US_SHIFT,1,Y,Y,N,Attempt to reschedule demo within 48h or escalate
L100762,2026-07-14 23:34:00,2026-07-20 23:53:00,144.31666666666666,HIGH,Europe/London,AD-10,SEA_SHIFT,3,Y,Y,N,Attempt to reschedule demo within 48h or escalate
L102602,2026-07-06 06:58:00,2026-07-12 07:14:00,144.26666666666668,HIGH,Asia/Ho_Chi_Minh,AD-08,IST_SHIFT,1,N,N,N,Attempt to reschedule demo within 48h or escalate
L102969,2026-07-03 00:44:00,2026-07-09 00:53:00,144.15,HIGH,America/New_York,AD-11,SEA_SHIFT,1,N,N,N,Attempt to reschedule demo within 48h or escalate
L101364,2026-07-26 08:17:00,2026-08-01 08:23:00,144.1,HIGH,America/New_York,AD-06,IST_SHIFT,4,N,N,N,Attempt to reschedule demo within 48h or escalate
L103019,2026-06-02 07:42:00,2026-06-08 07:35:00,143.88333333333333,HIGH,Asia/Singapore,AD-06,IST_SHIFT,1,Y,Y,N,Attempt to reschedule demo within 48h or escalate
L101721,2026-06-12 21:15:00,2026-06-18 20:55:00,143.66666666666666,HIGH,Europe/London,AD-02,US_SHIFT,3,N,N,N,Attempt to reschedule demo within 48h or escalate
L100890,2026-07-19 00:55:00,2026-07-25 00:25:00,143.5,HIGH,Asia/Ho_Chi_Minh,AD-01,US_SHIFT,4,N,N,N,Attempt to reschedule demo within 48h or escalate
L104431,2026-06-03 11:48:00,2026-06-09 11:06:00,143.3,HIGH,Europe/London,AD-11,SEA_SHIFT,3,N,N,N,Attempt to reschedule demo within 48h or escalate
L103073,2026-06-12 13:11:00,2026-06-18 12:17:00,143.1,HIGH,Asia/Riyadh,AD-12,US_SHIFT,8,Y,Y,N,Attempt to reschedule demo within 48h or escalate
L104440,2026-06-25 10:52:00,2026-07-01 09:56:00,143.06666666666666,HIGH,America/New_York,AD-01,US_SHIFT,1,Y,Y,N,Attempt to reschedule demo within 48h or escalate
L100291,2026-06-17 22:47:00,2026-06-23 21:43:00,142.93333333333334,HIGH,Asia/Kolkata,AD-06,IST_SHIFT,1,Y,Y,N,Attempt to reschedule demo within 48h or escalate
L104444,2026-06-25 19:42:00,2026-07-01 18:29:00,142.78333333333333,HIGH,America/New_York,AD-02,US_SHIFT,4,N,N,N,Attempt to reschedule demo within 48h or escalate
L103712,2026-07-22 04:04:00,2026-07-28 02:48:00,142.73333333333332,HIGH,America/New_York,AD-11,SEA_SHIFT,1,N,N,N,Attempt to reschedule demo within 48h or escalate
L101688,2026-06-04 05:43:00,2026-06-10 04:26:00,142.71666666666667,HIGH,Asia/Ho_Chi_Minh,AD-10,SEA_SHIFT,5,N,N,N,Attempt to reschedule demo within 48h or escalate
L103785,2026-07-30 19:51:00,2026-08-05 18:31:00,142.66666666666666,HIGH,Asia/Dubai,AD-03,US_SHIFT,1,N,N,N,Attempt to reschedule demo within 48h or escalate
L104110,2026-07-07 13:35:00,2026-07-13 12:10:00,142.58333333333334,HIGH,Asia/Ho_Chi_Minh,AD-05,IST_SHIFT,2,N,N,N,Attempt to reschedule demo within 48h or escalate
L104104,2026-06-29 19:49:00,2026-07-05 18:11:00,142.36666666666667,HIGH,Asia/Ho_Chi_Minh,AD-04,US_SHIFT,2,Y,N,N,Attempt to reschedule demo within 48h or escalate
L103513,2026-06-03 10:54:00,2026-06-09 09:10:00,142.26666666666668,HIGH,America/New_York,AD-07,IST_SHIFT,2,Y,Y,N,Attempt to reschedule demo within 48h or escalate
L101603,2026-06-15 09:35:00,2026-06-21 07:47:00,142.2,HIGH,Asia/Riyadh,AD-03,US_SHIFT,0,N,N,N,Attempt to reschedule demo within 48h or escalate
L100700,2026-06-30 06:48:00,2026-07-06 04:59:00,142.18333333333334,HIGH,America/New_York,AD-06,IST_SHIFT,1,Y,Y,Y,Attempt to reschedule demo within 48h or escalate
L102059,2026-07-18 09:52:00,2026-07-24 07:43:00,141.85,HIGH,America/New_York,AD-09,IST_SHIFT,1,Y,Y,N,Attempt to reschedule demo within 48h or escalate
L104025,2026-06-14 05:42:00,2026-06-20 03:05:00,141.38333333333333,HIGH,America/New_York,AD-05,IST_SHIFT,2,N,N,N,Attempt to reschedule demo within 48h or escalate
L101190,2026-06-18 10:30:00,2026-06-24 07:52:00,141.36666666666667,HIGH,Asia/Riyadh,AD-05,IST_SHIFT,6,Y,Y,N,Attempt to reschedule demo within 48h or escalate
L102813,2026-06-06 09:44:00,2026-06-12 06:52:00,141.13333333333333,HIGH,Europe/London,AD-02,US_SHIFT,8,Y,N,N,Attempt to reschedule demo within 48h or escalate
L101084,2026-06-23 04:34:00,2026-06-29 01:24:00,140.83333333333334,HIGH,Asia/Riyadh,AD-04,US_SHIFT,2,N,N,N,Attempt to reschedule demo within 48h or escalate
L104904,2026-07-25 15:16:00,2026-07-31 12:02:00,140.76666666666668,HIGH,America/New_York,AD-01,US_SHIFT,4,Y,Y,N,Attempt to reschedule demo within 48h or escalate
L100876,2026-07-24 17:51:00,2026-07-30 14:12:00,140.35,HIGH,America/New_York,AD-05,IST_SHIFT,3,Y,Y,Y,Attempt to reschedule demo within 48h or escalate
L100173,2026-06-23 01:43:00,2026-06-28 22:01:00,140.3,HIGH,Europe/London,AD-09,IST_SHIFT,0,N,N,N,Attempt to reschedule demo within 48h or escalate
L100096,2026-07-22 07:59:00,2026-07-28 04:16:00,140.28333333333333,HIGH,Europe/London,AD-12,US_SHIFT,2,N,N,N,Attempt to reschedule demo within 48h or escalate
L100610,2026-06-07 11:11:00,2026-06-13 07:24:00,140.21666666666667,HIGH,Asia/Singapore,AD-09,IST_SHIFT,2,N,N,N,Attempt to reschedule demo within 48h or escalate
L104409,2026-06-06 08:53:00,2026-06-12 05:05:00,140.2,HIGH,America/New_York,AD-07,IST_SHIFT,2,Y,Y,N,Attempt to reschedule demo within 48h or escalate
L103442,2026-06-17 05:28:00,2026-06-23 01:31:00,140.05,HIGH,Asia/Singapore,AD-08,IST_SHIFT,3,Y,Y,Y,Attempt to reschedule demo within 48h or escalate
L100547,2026-07-27 12:45:00,2026-08-02 08:37:00,139.86666666666667,HIGH,Asia/Dubai,AD-03,US_SHIFT,4,N,N,N,Attempt to reschedule demo within 48h or escalate
L102163,2026-06-09 11:06:00,2026-06-15 06:57:00,139.85,HIGH,Australia/Sydney,AD-07,IST_SHIFT,2,N,N,N,Attempt to reschedule demo within 48h or escalate
L103190,2026-06-05 12:11:00,2026-06-11 07:56:00,139.75,HIGH,Asia/Ho_Chi_Minh,AD-12,US_SHIFT,5,Y,Y,N,Attempt to reschedule demo within 48h or escalate
L102976,2026-06-15 09:33:00,2026-06-21 05:18:00,139.75,HIGH,America/New_York,AD-08,IST_SHIFT,0,N,N,N,Attempt to reschedule demo within 48h or escalate
L100879,2026-06-09 02:50:00,2026-06-14 22:27:00,139.61666666666667,HIGH,Asia/Ho_Chi_Minh,AD-10,SEA_SHIFT,3,Y,Y,N,Attempt to reschedule demo within 48h or escalate
L104348,2026-07-12 19:06:00,2026-07-18 14:29:00,139.38333333333333,HIGH,Australia/Sydney,AD-12,US_SHIFT,2,Y,Y,N,Attempt to reschedule demo within 48h or escalate
L104121,2026-07-21 08:37:00,2026-07-27 03:55:00,139.3,HIGH,America/New_York,AD-08,IST_SHIFT,8,Y,Y,N,Attempt to reschedule demo within 48h or escalate
L104030,2026-07-12 02:43:00,2026-07-17 21:58:00,139.25,HIGH,America/New_York,AD-05,IST_SHIFT,1,N,N,N,Attempt to reschedule demo within 48h or escalate
L102192,2026-06-02 01:59:00,2026-06-07 21:12:00,139.21666666666667,HIGH,Asia/Dubai,AD-05,IST_SHIFT,3,Y,Y,Y,Attempt to reschedule demo within 48h or escalate
L104270,2026-06-30 22:46:00,2026-07-06 17:56:00,139.16666666666666,HIGH,America/New_York,AD-10,SEA_SHIFT,0,N,N,N,Attempt to reschedule demo within 48h or escalate
L101180,2026-06-09 05:29:00,2026-06-15 00:32:00,139.05,HIGH,Asia/Riyadh,AD-04,US_SHIFT,2,Y,N,N,Attempt to reschedule demo within 48h or escalate
L103675,2026-06-12 01:38:00,2026-06-17 20:32:00,138.9,HIGH,Australia/Sydney,AD-07,IST_SHIFT,3,N,N,N,Attempt to reschedule demo within 48h or escalate
L102957,2026-07-09 09:51:00,2026-07-15 04:39:00,138.8,HIGH,Asia/Ho_Chi_Minh,AD-05,IST_SHIFT,0,Y,Y,Y,Attempt to reschedule demo within 48h or escalate
L100109,2026-07-03 04:41:00,2026-07-08 23:28:00,138.78333333333333,HIGH,Europe/London,AD-07,IST_SHIFT,4,N,N,N,Attempt to reschedule demo within 48h or escalate
L102810,2026-07-16 11:36:00,2026-07-22 06:16:00,138.66666666666666,HIGH,Asia/Riyadh,AD-10,SEA_SHIFT,1,Y,Y,N,Attempt to reschedule demo within 48h or escalate
L101766,2026-07-20 18:33:00,2026-07-26 13:13:00,138.66666666666666,HIGH,America/New_York,AD-01,US_SHIFT,5,N,N,N,Attempt to reschedule demo within 48h or escalate
L101594,2026-06-26 20:06:00,2026-07-02 14:33:00,138.45,HIGH,America/New_York,AD-02,US_SHIFT,3,Y,Y,Y,Attempt to reschedule demo within 48h or escalate
L102560,2026-06-10 18:48:00,2026-06-16 13:09:00,138.35,HIGH,Europe/London,AD-02,US_SHIFT,3,N,N,N,Attempt to reschedule demo within 48h or escalate
L102634,2026-06-02 07:38:00,2026-06-08 01:40:00,138.03333333333333,HIGH,Asia/Kolkata,AD-01,US_SHIFT,2,N,N,N,Attempt to reschedule demo within 48h or escalate
L101117,2026-07-09 17:05:00,2026-07-15 11:06:00,138.01666666666668,HIGH,Australia/Sydney,AD-09,IST_SHIFT,1,N,N,N,Attempt to reschedule demo within 48h or escalate
L102767,2026-07-01 00:16:00,2026-07-06 18:15:00,137.98333333333332,HIGH,America/New_York,AD-05,IST_SHIFT,3,N,N,N,Attempt to reschedule demo within 48h or escalate
L101619,2026-06-18 08:43:00,2026-06-24 02:40:00,137.95,HIGH,Asia/Kolkata,AD-04,US_SHIFT,2,Y,Y,N,Attempt to reschedule demo within 48h or escalate
L102064,2026-06-13 01:03:00,2026-06-18 18:47:00,137.73333333333332,HIGH,Europe/London,AD-01,US_SHIFT,5,N,N,N,Attempt to reschedule demo within 48h or escalate
L101653,2026-07-26 13:43:00,2026-08-01 07:17:00,137.56666666666666,HIGH,Europe/London,AD-05,IST_SHIFT,8,N,N,N,Attempt to reschedule demo within 48h or escalate
L101162,2026-06-27 10:01:00,2026-07-03 03:34:00,137.55,HIGH,America/New_York,AD-03,US_SHIFT,2,Y,Y,Y,Attempt to reschedule demo within 48h or escalate
L104609,2026-07-06 08:00:00,2026-07-12 01:28:00,137.46666666666667,HIGH,Asia/Kolkata,AD-04,US_SHIFT,5,N,N,N,Attempt to reschedule demo within 48h or escalate
L101845,2026-06-10 06:39:00,2026-06-15 23:57:00,137.3,HIGH,Asia/Kolkata,AD-10,SEA_SHIFT,4,N,N,N,Attempt to reschedule demo within 48h or escalate
L100149,2026-07-29 04:05:00,2026-08-03 21:22:00,137.28333333333333,HIGH,Asia/Kolkata,AD-02,US_SHIFT,3,N,N,N,Attempt to reschedule demo within 48h or escalate
L104008,2026-06-14 15:12:00,2026-06-20 07:56:00,136.73333333333332,HIGH,Asia/Ho_Chi_Minh,AD-02,US_SHIFT,4,N,N,N,Attempt to reschedule demo within 48h or escalate
L104724,2026-06-28 14:51:00,2026-07-04 07:32:00,136.68333333333334,HIGH,Asia/Ho_Chi_Minh,AD-04,US_SHIFT,1,N,N,N,Attempt to reschedule demo within 48h or escalate
L101665,2026-07-27 11:45:00,2026-08-02 04:17:00,136.53333333333333,HIGH,Europe/London,AD-02,US_SHIFT,4,N,N,N,Attempt to reschedule demo within 48h or escalate
L102544,2026-06-12 05:22:00,2026-06-17 21:17:00,135.91666666666666,HIGH,Asia/Ho_Chi_Minh,AD-12,US_SHIFT,0,N,N,N,Attempt to reschedule demo within 48h or escalate
L101803,2026-06-18 18:40:00,2026-06-24 10:34:00,135.9,HIGH,Asia/Ho_Chi_Minh,AD-07,IST_SHIFT,3,Y,Y,N,Attempt to reschedule demo within 48h or escalate
L104156,2026-06-08 04:38:00,2026-06-13 20:27:00,135.81666666666666,HIGH,Asia/Ho_Chi_Minh,AD-02,US_SHIFT,4,Y,Y,N,Attempt to reschedule demo within 48h or escalate
L102002,2026-07-02 06:04:00,2026-07-07 21:42:00,135.63333333333333,HIGH,Asia/Ho_Chi_Minh,AD-07,IST_SHIFT,3,Y,Y,N,Attempt to reschedule demo within 48h or escalate
L103967,2026-06-14 03:39:00,2026-06-19 19:14:00,135.58333333333334,HIGH,America/New_York,AD-04,US_SHIFT,1,Y,Y,Y,Attempt to reschedule demo within 48h or escalate
L103714,2026-07-15 17:34:00,2026-07-21 09:06:00,135.53333333333333,HIGH,Asia/Kolkata,AD-08,IST_SHIFT,4,Y,Y,Y,Attempt to reschedule demo within 48h or escalate
L100295,2026-07-03 20:54:00,2026-07-09 12:16:00,135.36666666666667,HIGH,Europe/London,AD-10,SEA_SHIFT,2,N,N,N,Attempt to reschedule demo within 48h or escalate
L101256,2026-07-22 23:36:00,2026-07-28 14:42:00,135.1,HIGH,America/New_York,AD-05,IST_SHIFT,2,N,N,N,Attempt to reschedule demo within 48h or escalate
L104545,2026-07-14 19:17:00,2026-07-20 10:11:00,134.9,HIGH,Asia/Ho_Chi_Minh,AD-07,IST_SHIFT,1,N,N,N,Attempt to reschedule demo within 48h or escalate
L103017,2026-07-31 10:59:00,2026-08-06 01:51:00,134.86666666666667,HIGH,Asia/Singapore,AD-03,US_SHIFT,3,Y,N,N,Attempt to reschedule demo within 48h or escalate
L100982,2026-06-12 02:40:00,2026-06-17 17:15:00,134.58333333333334,HIGH,Asia/Kolkata,AD-10,SEA_SHIFT,3,N,N,N,Attempt to reschedule demo within 48h or escalate
L102365,2026-07-26 22:51:00,2026-08-01 13:20:00,134.48333333333332,HIGH,Asia/Ho_Chi_Minh,AD-01,US_SHIFT,5,Y,Y,Y,Attempt to reschedule demo within 48h or escalate
L102585,2026-06-30 02:59:00,2026-07-05 17:27:00,134.46666666666667,HIGH,America/New_York,AD-02,US_SHIFT,4,N,N,N,Attempt to reschedule demo within 48h or escalate
L103560,2026-06-16 15:11:00,2026-06-22 05:39:00,134.46666666666667,HIGH,America/New_York,AD-03,US_SHIFT,1,N,N,N,Attempt to reschedule demo within 48h or escalate
L104569,2026-06-05 03:07:00,2026-06-10 17:12:00,134.08333333333334,HIGH,Asia/Ho_Chi_Minh,AD-11,SEA_SHIFT,4,Y,Y,N,Attempt to reschedule demo within 48h or escalate
L100218,2026-06-26 00:17:00,2026-07-01 14:13:00,133.93333333333334,HIGH,Australia/Sydney,AD-03,US_SHIFT,2,Y,Y,N,Attempt to reschedule demo within 48h or escalate
L104704,2026-06-13 00:29:00,2026-06-18 14:20:00,133.85,HIGH,America/New_York,AD-02,US_SHIFT,2,N,N,N,Attempt to reschedule demo within 48h or escalate
L100420,2026-07-08 18:03:00,2026-07-14 07:48:00,133.75,HIGH,America/New_York,AD-04,US_SHIFT,2,Y,Y,N,Attempt to reschedule demo within 48h or escalate
L104295,2026-07-15 13:17:00,2026-07-21 02:50:00,133.55,HIGH,America/New_York,AD-12,US_SHIFT,3,N,N,N,Attempt to reschedule demo within 48h or escalate
L100633,2026-06-26 04:40:00,2026-07-01 18:10:00,133.5,HIGH,Europe/London,AD-12,US_SHIFT,0,Y,Y,N,Attempt to reschedule demo within 48h or escalate
L104376,2026-07-16 08:34:00,2026-07-21 21:59:00,133.41666666666666,HIGH,Asia/Dubai,AD-07,IST_SHIFT,1,N,N,N,Attempt to reschedule demo within 48h or escalate
L102018,2026-07-08 02:34:00,2026-07-13 15:55:00,133.35,HIGH,Asia/Kolkata,AD-10,SEA_SHIFT,5,Y,Y,N,Attempt to reschedule demo within 48h or escalate
L102222,2026-06-02 10:59:00,2026-06-08 00:17:00,133.3,HIGH,Asia/Riyadh,AD-03,US_SHIFT,1,N,N,N,Attempt to reschedule demo within 48h or escalate
L104139,2026-07-26 00:58:00,2026-07-31 14:07:00,133.15,HIGH,America/New_York,AD-09,IST_SHIFT,0,Y,Y,N,Attempt to reschedule demo within 48h or escalate
L102040,2026-07-11 20:28:00,2026-07-17 09:35:00,133.11666666666667,HIGH,Australia/Sydney,AD-04,US_SHIFT,2,N,N,N,Attempt to reschedule demo within 48h or escalate
L100058,2026-06-06 09:26:00,2026-06-11 22:10:00,132.73333333333332,HIGH,America/New_York,AD-01,US_SHIFT,4,Y,Y,N,Attempt to reschedule demo within 48h or escalate
L100373,2026-06-17 12:40:00,2026-06-23 01:18:00,132.63333333333333,HIGH,America/New_York,AD-06,IST_SHIFT,1,Y,Y,N,Attempt to reschedule demo within 48h or escalate
L100166,2026-06-23 20:04:00,2026-06-29 08:16:00,132.2,HIGH,Asia/Dubai,AD-08,IST_SHIFT,2,Y,Y,N,Attempt to reschedule demo within 48h or escalate
L103205,2026-06-26 21:03:00,2026-07-02 09:13:00,132.16666666666666,HIGH,Asia/Ho_Chi_Minh,AD-04,US_SHIFT,2,N,N,N,Attempt to reschedule demo within 48h or escalate
L104078,2026-06-02 03:51:00,2026-06-07 15:59:00,132.13333333333333,HIGH,America/New_York,AD-01,US_SHIFT,4,N,N,N,Attempt to reschedule demo within 48h or escalate
L100431,2026-06-03 08:56:00,2026-06-08 20:56:00,132.0,HIGH,America/New_York,AD-01,US_SHIFT,3,N,N,N,Attempt to reschedule demo within 48h or escalate
L101243,2026-06-13 16:02:00,2026-06-19 03:59:00,131.95,HIGH,Asia/Riyadh,AD-09,IST_SHIFT,2,N,N,N,Attempt to reschedule demo within 48h or escalate
L104107,2026-07-08 20:58:00,2026-07-14 08:46:00,131.8,HIGH,America/New_York,AD-08,IST_SHIFT,1,Y,Y,N,Attempt to reschedule demo within 48h or escalate
L103267,2026-07-14 14:38:00,2026-07-20 02:22:00,131.73333333333332,HIGH,America/New_York,AD-09,IST_SHIFT,3,N,N,N,Attempt to reschedule demo within 48h or escalate
L104575,2026-06-03 19:25:00,2026-06-09 07:02:00,131.61666666666667,HIGH,Europe/London,AD-08,IST_SHIFT,0,N,N,N,Attempt to reschedule demo within 48h or escalate
L102953,2026-06-04 06:04:00,2026-06-09 17:40:00,131.6,HIGH,Asia/Kolkata,AD-02,US_SHIFT,5,N,N,N,Attempt to reschedule demo within 48h or escalate
L103705,2026-07-31 17:33:00,2026-08-06 05:03:00,131.5,HIGH,America/New_York,AD-07,IST_SHIFT,2,N,N,N,Attempt to reschedule demo within 48h or escalate
L102441,2026-07-22 19:13:00,2026-07-28 06:39:00,131.43333333333334,HIGH,Europe/London,AD-06,IST_SHIFT,3,Y,Y,N,Attempt to reschedule demo within 48h or escalate
L101729,2026-06-10 15:53:00,2026-06-16 03:12:00,131.31666666666666,HIGH,Asia/Riyadh,AD-02,US_SHIFT,5,N,N,N,Attempt to reschedule demo within 48h or escalate
L103103,2026-06-23 07:25:00,2026-06-28 18:43:00,131.3,HIGH,Asia/Dubai,AD-03,US_SHIFT,1,N,N,N,Attempt to reschedule demo within 48h or escalate
L103999,2026-07-19 07:45:00,2026-07-24 18:46:00,131.01666666666668,HIGH,Asia/Kolkata,AD-06,IST_SHIFT,2,N,N,N,Attempt to reschedule demo within 48h or escalate
L103403,2026-06-13 01:58:00,2026-06-18 12:59:00,131.01666666666668,HIGH,Asia/Singapore,AD-06,IST_SHIFT,4,N,N,N,Attempt to reschedule demo within 48h or escalate
L103380,2026-06-02 18:43:00,2026-06-08 05:40:00,130.95,HIGH,Asia/Dubai,AD-04,US_SHIFT,1,Y,Y,Y,Attempt to reschedule demo within 48h or escalate
L102066,2026-07-30 10:33:00,2026-08-04 21:18:00,130.75,HIGH,Australia/Sydney,AD-06,IST_SHIFT,3,Y,Y,N,Attempt to reschedule demo within 48h or escalate
L102051,2026-06-23 00:53:00,2026-06-28 11:34:00,130.68333333333334,HIGH,America/New_York,AD-03,US_SHIFT,5,Y,Y,Y,Attempt to reschedule demo within 48h or escalate
L102851,2026-07-31 14:20:00,2026-08-06 00:59:00,130.65,HIGH,Asia/Ho_Chi_Minh,AD-06,IST_SHIFT,2,N,N,N,Attempt to reschedule demo within 48h or escalate
L104486,2026-06-09 06:33:00,2026-06-14 17:10:00,130.61666666666667,HIGH,Asia/Ho_Chi_Minh,AD-08,IST_SHIFT,3,Y,Y,N,Attempt to reschedule demo within 48h or escalate
L101962,2026-07-17 19:50:00,2026-07-23 06:24:00,130.56666666666666,HIGH,Asia/Singapore,AD-11,SEA_SHIFT,5,N,N,N,Attempt to reschedule demo within 48h or escalate
L103348,2026-06-27 23:12:00,2026-07-03 09:43:00,130.51666666666668,HIGH,America/New_York,AD-02,US_SHIFT,5,Y,Y,N,Attempt to reschedule demo within 48h or escalate
L101000,2026-07-14 18:49:00,2026-07-20 05:19:00,130.5,HIGH,Australia/Sydney,AD-07,IST_SHIFT,3,Y,Y,Y,Attempt to reschedule demo within 48h or escalate
L102103,2026-07-04 06:41:00,2026-07-09 17:06:00,130.41666666666666,HIGH,America/New_York,AD-02,US_SHIFT,1,Y,Y,N,Attempt to reschedule demo within 48h or escalate
L100434,2026-07-17 12:09:00,2026-07-22 22:26:00,130.28333333333333,HIGH,America/New_York,AD-10,SEA_SHIFT,4,Y,Y,N,Attempt to reschedule demo within 48h or escalate
L104977,2026-06-14 23:06:00,2026-06-20 09:06:00,130.0,HIGH,Asia/Kolkata,AD-11,SEA_SHIFT,3,N,N,N,Attempt to reschedule demo within 48h or escalate
L101629,2026-07-31 10:31:00,2026-08-05 20:28:00,129.95,HIGH,Asia/Ho_Chi_Minh,AD-12,US_SHIFT,4,Y,Y,N,Attempt to reschedule demo within 48h or escalate
L101463,2026-06-24 02:00:00,2026-06-29 11:52:00,129.86666666666667,HIGH,Australia/Sydney,AD-06,IST_SHIFT,1,Y,Y,N,Attempt to reschedule demo within 48h or escalate
L100535,2026-07-04 08:12:00,2026-07-09 18:03:00,129.85,HIGH,America/New_York,AD-02,US_SHIFT,1,Y,Y,N,Attempt to reschedule demo within 48h or escalate
L100418,2026-07-23 09:35:00,2026-07-28 19:13:00,129.63333333333333,HIGH,Asia/Kolkata,AD-03,US_SHIFT,3,Y,Y,Y,Attempt to reschedule demo within 48h or escalate
L100772,2026-06-07 20:28:00,2026-06-13 06:01:00,129.55,HIGH,America/New_York,AD-10,SEA_SHIFT,4,N,N,N,Attempt to reschedule demo within 48h or escalate
L101819,2026-06-13 20:13:00,2026-06-19 05:42:00,129.48333333333332,HIGH,Asia/Singapore,AD-11,SEA_SHIFT,3,Y,Y,N,Attempt to reschedule demo within 48h or escalate
L104147,2026-06-27 03:52:00,2026-07-02 13:06:00,129.23333333333332,HIGH,America/New_York,AD-10,SEA_SHIFT,2,N,N,N,Attempt to reschedule demo within 48h or escalate
L103626,2026-07-22 09:17:00,2026-07-27 18:21:00,129.06666666666666,HIGH,Asia/Riyadh,AD-06,IST_SHIFT,2,N,N,N,Attempt to reschedule demo within 48h or escalate
L100361,2026-06-16 21:23:00,2026-06-22 06:22:00,128.98333333333332,HIGH,America/New_York,AD-01,US_SHIFT,0,Y,Y,N,Attempt to reschedule demo within 48h or escalate
L103931,2026-07-27 06:49:00,2026-08-01 15:40:00,128.85,HIGH,America/New_York,AD-05,IST_SHIFT,2,N,N,N,Attempt to reschedule demo within 48h or escalate
L100817,2026-07-16 16:10:00,2026-07-22 00:53:00,128.71666666666667,HIGH,Australia/Sydney,AD-11,SEA_SHIFT,2,Y,Y,N,Attempt to reschedule demo within 48h or escalate
L100834,2026-06-08 09:49:00,2026-06-13 18:28:00,128.65,HIGH,Asia/Ho_Chi_Minh,AD-03,US_SHIFT,0,N,N,N,Attempt to reschedule demo within 48h or escalate
L104251,2026-06-02 00:51:00,2026-06-07 09:28:00,128.61666666666667,HIGH,Asia/Kolkata,AD-05,IST_SHIFT,2,N,N,N,Attempt to reschedule demo within 48h or escalate
L100838,2026-06-23 03:36:00,2026-06-28 12:12:00,128.6,HIGH,Asia/Riyadh,AD-03,US_SHIFT,1,N,N,N,Attempt to reschedule demo within 48h or escalate
L102421,2026-07-05 22:14:00,2026-07-11 06:45:00,128.51666666666668,HIGH,Australia/Sydney,AD-06,IST_SHIFT,0,N,N,N,Attempt to reschedule demo within 48h or escalate
L102481,2026-06-21 14:17:00,2026-06-26 22:46:00,128.48333333333332,HIGH,Asia/Kolkata,AD-03,US_SHIFT,4,N,N,N,Attempt to reschedule demo within 48h or escalate
L100244,2026-07-11 20:17:00,2026-07-17 04:43:00,128.43333333333334,HIGH,Asia/Kolkata,AD-01,US_SHIFT,3,Y,Y,N,Attempt to reschedule demo within 48h or escalate
L102561,2026-07-30 01:38:00,2026-08-04 10:00:00,128.36666666666667,HIGH,Asia/Kolkata,AD-01,US_SHIFT,6,Y,Y,N,Attempt to reschedule demo within 48h or escalate
L103912,2026-06-07 12:27:00,2026-06-12 20:47:00,128.33333333333334,HIGH,Australia/Sydney,AD-03,US_SHIFT,4,N,N,N,Attempt to reschedule demo within 48h or escalate
L102902,2026-07-25 15:14:00,2026-07-30 23:28:00,128.23333333333332,HIGH,Asia/Dubai,AD-08,IST_SHIFT,1,N,N,N,Attempt to reschedule demo within 48h or escalate
L102131,2026-07-16 05:59:00,2026-07-21 14:11:00,128.2,HIGH,America/New_York,AD-12,US_SHIFT,1,Y,Y,N,Attempt to reschedule demo within 48h or escalate
L101249,2026-06-30 01:40:00,2026-07-05 09:36:00,127.93333333333334,HIGH,Asia/Kolkata,AD-02,US_SHIFT,2,N,N,N,Attempt to reschedule demo within 48h or escalate
L100489,2026-06-05 10:37:00,2026-06-10 18:31:00,127.9,HIGH,Europe/London,AD-07,IST_SHIFT,3,Y,Y,N,Attempt to reschedule demo within 48h or escalate
L100189,2026-06-30 20:32:00,2026-07-06 04:22:00,127.83333333333333,HIGH,Asia/Ho_Chi_Minh,AD-08,IST_SHIFT,2,Y,Y,N,Attempt to reschedule demo within 48h or escalate
L104343,2026-06-04 20:21:00,2026-06-10 04:09:00,127.8,HIGH,Europe/London,AD-12,US_SHIFT,4,N,N,N,Attempt to reschedule demo within 48h or escalate
L100101,2026-06-25 18:55:00,2026-07-01 02:42:00,127.78333333333333,HIGH,Europe/London,AD-03,US_SHIFT,2,N,N,N,Attempt to reschedule demo within 48h or escalate
L100045,2026-07-21 22:41:00,2026-07-27 06:28:00,127.78333333333333,HIGH,Asia/Kolkata,AD-04,US_SHIFT,5,N,N,N,Attempt to reschedule demo within 48h or escalate
L102802,2026-07-15 23:38:00,2026-07-21 07:23:00,127.75,HIGH,America/New_York,AD-07,IST_SHIFT,3,N,N,N,Attempt to reschedule demo within 48h or escalate
L103607,2026-07-30 02:41:00,2026-08-04 10:19:00,127.63333333333334,HIGH,America/New_York,AD-06,IST_SHIFT,2,N,N,N,Attempt to reschedule demo within 48h or escalate
L104550,2026-06-23 15:57:00,2026-06-28 23:33:00,127.6,HIGH,Asia/Dubai,AD-01,US_SHIFT,2,N,N,N,Attempt to reschedule demo within 48h or escalate
L104212,2026-07-31 10:18:00,2026-08-05 17:53:00,127.58333333333333,HIGH,Asia/Dubai,AD-01,US_SHIFT,1,N,N,N,Attempt to reschedule demo within 48h or escalate
L100134,2026-07-04 17:14:00,2026-07-10 00:45:00,127.51666666666667,HIGH,America/New_York,AD-01,US_SHIFT,1,Y,Y,N,Attempt to reschedule demo within 48h or escalate
L100912,2026-06-23 07:03:00,2026-06-28 14:27:00,127.4,HIGH,America/New_York,AD-10,SEA_SHIFT,4,N,N,N,Attempt to reschedule demo within 48h or escalate
L104265,2026-07-13 09:13:00,2026-07-18 16:33:00,127.33333333333333,HIGH,Asia/Ho_Chi_Minh,AD-07,IST_SHIFT,1,Y,Y,N,Attempt to reschedule demo within 48h or escalate
L100969,2026-07-17 18:23:00,2026-07-23 01:40:00,127.28333333333333,HIGH,America/New_York,AD-07,IST_SHIFT,4,Y,Y,Y,Attempt to reschedule demo within 48h or escalate
L104936,2026-07-17 19:07:00,2026-07-23 02:14:00,127.11666666666666,HIGH,Asia/Dubai,AD-07,IST_SHIFT,3,Y,Y,N,Attempt to reschedule demo within 48h or escalate
L102025,2026-06-20 02:48:00,2026-06-25 09:54:00,127.1,HIGH,Europe/London,AD-07,IST_SHIFT,1,N,N,N,Attempt to reschedule demo within 48h or escalate
L100027,2026-07-02 13:49:00,2026-07-07 20:53:00,127.06666666666666,HIGH,Europe/London,AD-02,US_SHIFT,2,N,N,N,Attempt to reschedule demo within 48h or escalate
L104654,2026-07-01 08:06:00,2026-07-06 15:06:00,127.0,HIGH,America/New_York,AD-10,SEA_SHIFT,5,N,N,N,Attempt to reschedule demo within 48h or escalate
L104776,2026-07-12 09:45:00,2026-07-17 16:43:00,126.96666666666667,HIGH,Asia/Singapore,AD-07,IST_SHIFT,1,Y,Y,N,Attempt to reschedule demo within 48h or escalate
L103969,2026-06-30 08:18:00,2026-07-05 15:11:00,126.88333333333334,HIGH,America/New_York,AD-12,US_SHIFT,0,Y,Y,N,Attempt to reschedule demo within 48h or escalate
L103975,2026-07-23 06:58:00,2026-07-28 13:41:00,126.71666666666667,HIGH,Asia/Ho_Chi_Minh,AD-11,SEA_SHIFT,2,Y,Y,N,Attempt to reschedule demo within 48h or escalate
L100322,2026-06-09 08:42:00,2026-06-14 15:22:00,126.66666666666667,HIGH,Asia/Dubai,AD-07,IST_SHIFT,2,Y,Y,N,Attempt to reschedule demo within 48h or escalate
L102898,2026-06-18 19:00:00,2026-06-24 01:39:00,126.65,HIGH,Asia/Ho_Chi_Minh,AD-01,US_SHIFT,3,N,N,N,Attempt to reschedule demo within 48h or escalate
L103728,2026-06-30 19:09:00,2026-07-06 01:31:00,126.36666666666666,HIGH,Australia/Sydney,AD-05,IST_SHIFT,4,N,N,N,Attempt to reschedule demo within 48h or escalate
L101101,2026-06-11 13:31:00,2026-06-16 19:46:00,126.25,HIGH,Asia/Riyadh,AD-02,US_SHIFT,3,Y,Y,N,Attempt to reschedule demo within 48h or escalate
L102599,2026-06-01 22:08:00,2026-06-07 04:19:00,126.18333333333334,HIGH,Asia/Dubai,AD-01,US_SHIFT,3,N,N,N,Attempt to reschedule demo within 48h or escalate
L101315,2026-07-06 15:05:00,2026-07-11 21:13:00,126.13333333333334,HIGH,America/New_York,AD-01,US_SHIFT,2,Y,Y,N,Attempt to reschedule demo within 48h or escalate
L101702,2026-07-23 02:30:00,2026-07-28 08:28:00,125.96666666666667,HIGH,Asia/Ho_Chi_Minh,AD-07,IST_SHIFT,6,N,N,N,Attempt to reschedule demo within 48h or escalate
L100446,2026-06-25 16:17:00,2026-06-30 22:02:00,125.75,HIGH,Asia/Kolkata,AD-03,US_SHIFT,1,N,N,N,Attempt to reschedule demo within 48h or escalate
L101514,2026-07-02 00:00:00,2026-07-07 05:43:00,125.71666666666667,HIGH,Asia/Ho_Chi_Minh,AD-12,US_SHIFT,0,Y,Y,N,Attempt to reschedule demo within 48h or escalate
L102093,2026-07-05 02:28:00,2026-07-10 08:02:00,125.56666666666666,HIGH,Asia/Riyadh,AD-04,US_SHIFT,2,Y,Y,Y,Attempt to reschedule demo within 48h or escalate
L100509,2026-06-19 13:27:00,2026-06-24 18:56:00,125.48333333333333,HIGH,Asia/Dubai,AD-01,US_SHIFT,2,N,N,N,Attempt to reschedule demo within 48h or escalate
L101205,2026-06-11 19:45:00,2026-06-17 01:06:00,125.35,HIGH,Asia/Kolkata,AD-08,IST_SHIFT,0,Y,Y,N,Attempt to reschedule demo within 48h or escalate
L101294,2026-06-06 23:52:00,2026-06-12 05:08:00,125.26666666666667,HIGH,Asia/Kolkata,AD-07,IST_SHIFT,2,Y,Y,N,Attempt to reschedule demo within 48h or escalate
L102185,2026-06-07 03:45:00,2026-06-12 08:58:00,125.21666666666667,HIGH,Asia/Ho_Chi_Minh,AD-11,SEA_SHIFT,4,Y,Y,N,Attempt to reschedule demo within 48h or escalate
L101360,2026-06-26 07:36:00,2026-07-01 12:46:00,125.16666666666667,HIGH,America/New_York,AD-04,US_SHIFT,3,Y,Y,Y,Attempt to reschedule demo within 48h or escalate
L101062,2026-07-29 14:58:00,2026-08-03 19:56:00,124.96666666666667,HIGH,Australia/Sydney,AD-09,IST_SHIFT,3,N,N,N,Attempt to reschedule demo within 48h or escalate
L104635,2026-06-19 02:56:00,2026-06-24 07:45:00,124.81666666666666,HIGH,Asia/Kolkata,AD-12,US_SHIFT,6,N,N,N,Attempt to reschedule demo within 48h or escalate
L100539,2026-07-01 22:06:00,2026-07-07 02:53:00,124.78333333333333,HIGH,Asia/Riyadh,AD-10,SEA_SHIFT,2,N,N,N,Attempt to reschedule demo within 48h or escalate
L104600,2026-07-31 11:49:00,2026-08-05 16:32:00,124.71666666666667,HIGH,Asia/Kolkata,AD-10,SEA_SHIFT,5,Y,N,N,Attempt to reschedule demo within 48h or escalate
L104153,2026-06-12 18:44:00,2026-06-17 23:26:00,124.7,HIGH,Asia/Ho_Chi_Minh,AD-09,IST_SHIFT,3,N,N,N,Attempt to reschedule demo within 48h or escalate
L100017,2026-06-23 06:22:00,2026-06-28 10:48:00,124.43333333333334,HIGH,Asia/Ho_Chi_Minh,AD-06,IST_SHIFT,3,Y,Y,N,Attempt to reschedule demo within 48h or escalate
L101124,2026-07-06 12:39:00,2026-07-11 17:03:00,124.4,HIGH,America/New_York,AD-05,IST_SHIFT,4,N,N,N,Attempt to reschedule demo within 48h or escalate
L102005,2026-07-05 18:56:00,2026-07-10 23:18:00,124.36666666666666,HIGH,Asia/Ho_Chi_Minh,AD-04,US_SHIFT,3,Y,N,N,Attempt to reschedule demo within 48h or escalate
L103888,2026-07-12 07:44:00,2026-07-17 11:58:00,124.23333333333333,HIGH,Asia/Dubai,AD-06,IST_SHIFT,4,Y,N,N,Attempt to reschedule demo within 48h or escalate
L103068,2026-06-29 02:11:00,2026-07-04 06:20:00,124.15,HIGH,America/New_York,AD-04,US_SHIFT,0,N,N,N,Attempt to reschedule demo within 48h or escalate
L103724,2026-07-08 10:02:00,2026-07-13 14:09:00,124.11666666666666,HIGH,Australia/Sydney,AD-05,IST_SHIFT,1,N,N,N,Attempt to reschedule demo within 48h or escalate
L103269,2026-07-20 00:43:00,2026-07-25 04:41:00,123.96666666666667,HIGH,Asia/Dubai,AD-04,US_SHIFT,3,Y,Y,N,Attempt to reschedule demo within 48h or escalate
L100412,2026-07-14 23:33:00,2026-07-20 03:20:00,123.78333333333333,HIGH,America/New_York,AD-03,US_SHIFT,5,Y,Y,Y,Attempt to reschedule demo within 48h or escalate
L102425,2026-06-08 22:57:00,2026-06-14 02:37:00,123.66666666666667,HIGH,Asia/Ho_Chi_Minh,AD-03,US_SHIFT,1,N,N,N,Attempt to reschedule demo within 48h or escalate
L100477,2026-06-06 15:52:00,2026-06-11 19:25:00,123.55,HIGH,America/New_York,AD-03,US_SHIFT,3,N,N,N,Attempt to reschedule demo within 48h or escalate
L103804,2026-06-07 03:48:00,2026-06-12 07:20:00,123.53333333333333,HIGH,America/New_York,AD-08,IST_SHIFT,3,Y,Y,N,Attempt to reschedule demo within 48h or escalate
L104991,2026-07-09 09:58:00,2026-07-14 13:22:00,123.4,HIGH,Asia/Kolkata,AD-08,IST_SHIFT,1,N,N,N,Attempt to reschedule demo within 48h or escalate
L104109,2026-06-29 09:42:00,2026-07-04 13:04:00,123.36666666666666,HIGH,Asia/Ho_Chi_Minh,AD-08,IST_SHIFT,0,Y,Y,N,Attempt to reschedule demo within 48h or escalate
L101136,2026-06-30 14:17:00,2026-07-05 17:38:00,123.35,HIGH,Australia/Sydney,AD-10,SEA_SHIFT,2,Y,Y,Y,Attempt to reschedule demo within 48h or escalate
L100621,2026-06-13 04:36:00,2026-06-18 07:55:00,123.31666666666666,HIGH,Asia/Singapore,AD-11,SEA_SHIFT,4,N,N,N,Attempt to reschedule demo within 48h or escalate
L103583,2026-07-14 02:24:00,2026-07-19 05:41:00,123.28333333333333,HIGH,Asia/Riyadh,AD-11,SEA_SHIFT,2,Y,N,N,Attempt to reschedule demo within 48h or escalate
L102926,2026-06-15 16:31:00,2026-06-20 19:47:00,123.26666666666667,HIGH,America/New_York,AD-05,IST_SHIFT,4,N,N,N,Attempt to reschedule demo within 48h or escalate
L101439,2026-06-10 00:57:00,2026-06-15 04:11:00,123.23333333333333,HIGH,Asia/Dubai,AD-06,IST_SHIFT,4,Y,N,N,Attempt to reschedule demo within 48h or escalate
L103320,2026-07-12 20:06:00,2026-07-17 23:18:00,123.2,HIGH,America/New_York,AD-02,US_SHIFT,1,Y,Y,N,Attempt to reschedule demo within 48h or escalate
L104876,2026-07-30 16:24:00,2026-08-04 19:20:00,122.93333333333334,HIGH,America/New_York,AD-02,US_SHIFT,1,N,N,N,Attempt to reschedule demo within 48h or escalate
L101345,2026-07-18 09:35:00,2026-07-23 11:54:00,122.31666666666666,HIGH,America/New_York,AD-07,IST_SHIFT,1,Y,Y,N,Attempt to reschedule demo within 48h or escalate
L100261,2026-07-23 17:33:00,2026-07-28 19:50:00,122.28333333333333,HIGH,Asia/Ho_Chi_Minh,AD-01,US_SHIFT,1,N,N,N,Attempt to reschedule demo within 48h or escalate
L102860,2026-07-31 09:27:00,2026-08-05 11:38:00,122.18333333333334,HIGH,Australia/Sydney,AD-07,IST_SHIFT,0,N,N,N,Attempt to reschedule demo within 48h or escalate
L100720,2026-06-24 21:49:00,2026-06-29 23:59:00,122.16666666666667,HIGH,Asia/Ho_Chi_Minh,AD-04,US_SHIFT,1,Y,Y,N,Attempt to reschedule demo within 48h or escalate
L102805,2026-07-15 15:15:00,2026-07-20 17:24:00,122.15,HIGH,Asia/Dubai,AD-04,US_SHIFT,3,N,N,N,Attempt to reschedule demo within 48h or escalate
L102477,2026-06-21 00:08:00,2026-06-26 02:16:00,122.13333333333334,HIGH,Australia/Sydney,AD-01,US_SHIFT,3,Y,Y,N,Attempt to reschedule demo within 48h or escalate
L101358,2026-06-02 01:35:00,2026-06-07 03:42:00,122.11666666666666,HIGH,Europe/London,AD-02,US_SHIFT,0,Y,Y,N,Attempt to reschedule demo within 48h or escalate
L102861,2026-07-18 04:53:00,2026-07-23 06:59:00,122.1,HIGH,America/New_York,AD-08,IST_SHIFT,3,Y,Y,N,Attempt to reschedule demo within 48h or escalate
L104383,2026-07-21 17:02:00,2026-07-26 18:59:00,121.95,HIGH,Asia/Dubai,AD-09,IST_SHIFT,2,N,N,N,Attempt to reschedule demo within 48h or escalate
L100409,2026-07-02 13:51:00,2026-07-07 15:42:00,121.85,HIGH,Asia/Riyadh,AD-02,US_SHIFT,1,N,N,N,Attempt to reschedule demo within 48h or escalate
L103619,2026-07-15 22:00:00,2026-07-20 23:39:00,121.65,HIGH,Asia/Singapore,AD-10,SEA_SHIFT,4,N,N,N,Attempt to reschedule demo within 48h or escalate
L101444,2026-06-21 18:30:00,2026-06-26 20:04:00,121.56666666666666,HIGH,America/New_York,AD-03,US_SHIFT,3,Y,Y,Y,Attempt to reschedule demo within 48h or escalate
L100035,2026-06-30 02:36:00,2026-07-05 04:08:00,121.53333333333333,HIGH,Asia/Kolkata,AD-05,IST_SHIFT,1,N,N,N,Attempt to reschedule demo within 48h or escalate
L104539,2026-07-01 07:37:00,2026-07-06 09:08:00,121.51666666666667,HIGH,America/New_York,AD-04,US_SHIFT,3,N,N,N,Attempt to reschedule demo within 48h or escalate
L102148,2026-06-20 11:33:00,2026-06-25 13:02:00,121.48333333333333,HIGH,Australia/Sydney,AD-02,US_SHIFT,5,Y,Y,Y,Attempt to reschedule demo within 48h or escalate
L100014,2026-07-09 19:14:00,2026-07-14 20:33:00,121.31666666666666,HIGH,America/New_York,AD-06,IST_SHIFT,3,Y,Y,N,Attempt to reschedule demo within 48h or escalate
L103369,2026-06-03 12:38:00,2026-06-08 13:56:00,121.3,HIGH,Europe/London,AD-12,US_SHIFT,3,N,N,N,Attempt to reschedule demo within 48h or escalate
L101359,2026-07-25 19:06:00,2026-07-30 20:24:00,121.3,HIGH,Europe/London,AD-02,US_SHIFT,6,Y,N,N,Attempt to reschedule demo within 48h or escalate
L104445,2026-07-02 16:50:00,2026-07-07 18:04:00,121.23333333333333,HIGH,Asia/Riyadh,AD-12,US_SHIFT,7,N,N,N,Attempt to reschedule demo within 48h or escalate
L102349,2026-07-06 11:23:00,2026-07-11 12:32:00,121.15,HIGH,America/New_York,AD-12,US_SHIFT,0,N,N,N,Attempt to reschedule demo within 48h or escalate
L101923,2026-06-08 06:10:00,2026-06-13 07:15:00,121.08333333333333,HIGH,Asia/Kolkata,AD-07,IST_SHIFT,1,N,N,N,Attempt to reschedule demo within 48h or escalate
L104973,2026-07-29 00:38:00,2026-08-03 01:33:00,120.91666666666667,HIGH,America/New_York,AD-01,US_SHIFT,3,N,N,N,Attempt to reschedule demo within 48h or escalate
L104902,2026-06-09 15:51:00,2026-06-14 16:45:00,120.9,HIGH,Asia/Dubai,AD-04,US_SHIFT,4,Y,Y,N,Attempt to reschedule demo within 48h or escalate
L101800,2026-07-09 07:01:00,2026-07-14 07:52:00,120.85,HIGH,Asia/Riyadh,AD-01,US_SHIFT,1,N,N,N,Attempt to reschedule demo within 48h or escalate
L102107,2026-06-15 06:27:00,2026-06-20 07:06:00,120.65,HIGH,America/New_York,AD-07,IST_SHIFT,5,N,N,N,Attempt to reschedule demo within 48h or escalate
L101078,2026-06-10 02:30:00,2026-06-15 02:55:00,120.41666666666667,HIGH,Asia/Dubai,AD-05,IST_SHIFT,0,N,N,N,Attempt to reschedule demo within 48h or escalate
L101593,2026-06-15 07:39:00,2026-06-20 08:03:00,120.4,HIGH,Asia/Kolkata,AD-02,US_SHIFT,2,Y,N,N,Attempt to reschedule demo within 48h or escalate
L102125,2026-07-19 14:43:00,2026-07-24 14:55:00,120.2,HIGH,Asia/Dubai,AD-06,IST_SHIFT,4,Y,Y,N,Attempt to reschedule demo within 48h or escalate
L101693,2026-07-17 14:09:00,2026-07-22 14:20:00,120.18333333333334,HIGH,Asia/Kolkata,AD-03,US_SHIFT,2,N,N,N,Attempt to reschedule demo within 48h or escalate
L104678,2026-06-07 03:57:00,2026-06-12 04:02:00,120.08333333333333,HIGH,Asia/Riyadh,AD-01,US_SHIFT,5,N,N,N,Attempt to reschedule demo within 48h or escalate
L101649,2026-06-19 10:39:00,2026-06-24 10:30:00,119.85,HIGH,Asia/Dubai,AD-08,IST_SHIFT,3,Y,Y,N,Attempt to reschedule demo within 48h or escalate
L104142,2026-07-01 16:43:00,2026-07-06 16:32:00,119.81666666666666,HIGH,Asia/Ho_Chi_Minh,AD-08,IST_SHIFT,3,N,N,N,Attempt to reschedule demo within 48h or escalate
L103143,2026-06-18 00:49:00,2026-06-23 00:36:00,119.78333333333333,HIGH,Asia/Riyadh,AD-01,US_SHIFT,6,Y,Y,N,Attempt to reschedule demo within 48h or escalate
L101535,2026-06-27 10:07:00,2026-07-02 09:53:00,119.76666666666667,HIGH,Australia/Sydney,AD-09,IST_SHIFT,3,Y,Y,Y,Attempt to reschedule demo within 48h or escalate
L100997,2026-06-22 17:39:00,2026-06-27 17:19:00,119.66666666666667,HIGH,America/New_York,AD-10,SEA_SHIFT,1,N,N,N,Attempt to reschedule demo within 48h or escalate
L100151,2026-07-28 17:07:00,2026-08-02 16:45:00,119.63333333333334,HIGH,America/New_York,AD-04,US_SHIFT,2,N,N,N,Attempt to reschedule demo within 48h or escalate
L100954,2026-07-23 01:29:00,2026-07-28 00:43:00,119.23333333333333,HIGH,Europe/London,AD-03,US_SHIFT,2,N,N,N,Attempt to reschedule demo within 48h or escalate
L101612,2026-07-30 08:14:00,2026-08-04 07:14:00,119.0,HIGH,Asia/Kolkata,AD-09,IST_SHIFT,2,N,N,N,Attempt to reschedule demo within 48h or escalate
L102537,2026-07-01 22:06:00,2026-07-06 20:57:00,118.85,HIGH,Europe/London,AD-07,IST_SHIFT,1,N,N,N,Attempt to reschedule demo within 48h or escalate
L101052,2026-07-17 11:16:00,2026-07-22 10:06:00,118.83333333333333,HIGH,America/New_York,AD-09,IST_SHIFT,4,Y,Y,N,Attempt to reschedule demo within 48h or escalate
L102484,2026-07-11 10:45:00,2026-07-16 09:35:00,118.83333333333333,HIGH,Europe/London,AD-10,SEA_SHIFT,3,N,N,N,Attempt to reschedule demo within 48h or escalate
L102914,2026-06-20 09:52:00,2026-06-25 08:32:00,118.66666666666667,HIGH,America/New_York,AD-01,US_SHIFT,6,Y,Y,N,Attempt to reschedule demo within 48h or escalate
L103289,2026-06-24 01:50:00,2026-06-29 00:25:00,118.58333333333333,HIGH,Asia/Ho_Chi_Minh,AD-12,US_SHIFT,5,Y,Y,N,Attempt to reschedule demo within 48h or escalate
L102033,2026-06-22 14:25:00,2026-06-27 12:53:00,118.46666666666667,HIGH,America/New_York,AD-01,US_SHIFT,3,N,N,N,Attempt to reschedule demo within 48h or escalate
L100210,2026-06-23 00:57:00,2026-06-27 23:15:00,118.3,HIGH,Asia/Ho_Chi_Minh,AD-12,US_SHIFT,2,N,N,N,Attempt to reschedule demo within 48h or escalate
L104151,2026-07-15 21:26:00,2026-07-20 19:42:00,118.26666666666667,HIGH,Asia/Riyadh,AD-02,US_SHIFT,3,Y,Y,N,Attempt to reschedule demo within 48h or escalate
L100830,2026-06-30 12:18:00,2026-07-05 10:34:00,118.26666666666667,HIGH,Asia/Kolkata,AD-07,IST_SHIFT,4,N,N,N,Attempt to reschedule demo within 48h or escalate
L103653,2026-06-29 14:34:00,2026-07-04 12:41:00,118.11666666666666,HIGH,Asia/Kolkata,AD-05,IST_SHIFT,2,N,N,N,Attempt to reschedule demo within 48h or escalate
L103588,2026-07-26 03:27:00,2026-07-31 01:23:00,117.93333333333334,HIGH,America/New_York,AD-05,IST_SHIFT,0,Y,Y,N,Attempt to reschedule demo within 48h or escalate
L104955,2026-07-20 16:12:00,2026-07-25 14:07:00,117.91666666666667,HIGH,Asia/Ho_Chi_Minh,AD-11,SEA_SHIFT,2,Y,Y,N,Attempt to reschedule demo within 48h or escalate
L101539,2026-07-03 06:34:00,2026-07-08 04:24:00,117.83333333333333,HIGH,America/New_York,AD-07,IST_SHIFT,2,N,N,N,Attempt to reschedule demo within 48h or escalate
L100587,2026-07-28 07:01:00,2026-08-02 04:43:00,117.7,HIGH,Australia/Sydney,AD-02,US_SHIFT,1,Y,Y,N,Attempt to reschedule demo within 48h or escalate
L103186,2026-06-06 13:31:00,2026-06-11 10:57:00,117.43333333333334,HIGH,Australia/Sydney,AD-12,US_SHIFT,5,N,N,N,Attempt to reschedule demo within 48h or escalate
L101964,2026-06-22 16:51:00,2026-06-27 14:12:00,117.35,HIGH,Asia/Ho_Chi_Minh,AD-07,IST_SHIFT,5,Y,Y,N,Attempt to reschedule demo within 48h or escalate
L100155,2026-06-02 22:02:00,2026-06-07 19:23:00,117.35,HIGH,America/New_York,AD-05,IST_SHIFT,4,Y,N,N,Attempt to reschedule demo within 48h or escalate
L103371,2026-06-01 19:07:00,2026-06-06 16:27:00,117.33333333333333,HIGH,Asia/Dubai,AD-04,US_SHIFT,3,N,N,N,Attempt to reschedule demo within 48h or escalate
L101838,2026-07-22 22:35:00,2026-07-27 19:54:00,117.31666666666666,HIGH,America/New_York,AD-01,US_SHIFT,1,N,N,N,Attempt to reschedule demo within 48h or escalate
L102426,2026-06-28 08:36:00,2026-07-03 05:51:00,117.25,HIGH,Asia/Riyadh,AD-01,US_SHIFT,3,Y,N,N,Attempt to reschedule demo within 48h or escalate
L100632,2026-06-07 19:11:00,2026-06-12 16:22:00,117.18333333333334,HIGH,Europe/London,AD-03,US_SHIFT,2,Y,Y,N,Attempt to reschedule demo within 48h or escalate
L103141,2026-06-03 02:55:00,2026-06-07 23:53:00,116.96666666666667,HIGH,Europe/London,AD-12,US_SHIFT,5,N,N,N,Attempt to reschedule demo within 48h or escalate
L104504,2026-06-07 22:28:00,2026-06-12 19:25:00,116.95,HIGH,America/New_York,AD-06,IST_SHIFT,4,Y,N,N,Attempt to reschedule demo within 48h or escalate
L100235,2026-06-01 20:21:00,2026-06-06 17:14:00,116.88333333333334,HIGH,Asia/Dubai,AD-06,IST_SHIFT,4,N,N,N,Attempt to reschedule demo within 48h or escalate
L100821,2026-06-03 12:15:00,2026-06-08 09:05:00,116.83333333333333,HIGH,Asia/Riyadh,AD-02,US_SHIFT,2,Y,Y,N,Attempt to reschedule demo within 48h or escalate
L100260,2026-07-09 05:59:00,2026-07-14 02:47:00,116.8,HIGH,Australia/Sydney,AD-02,US_SHIFT,2,Y,Y,N,Attempt to reschedule demo within 48h or escalate
L104869,2026-06-09 18:10:00,2026-06-14 14:51:00,116.68333333333334,HIGH,Asia/Dubai,AD-01,US_SHIFT,0,N,N,N,Attempt to reschedule demo within 48h or escalate
L104138,2026-07-13 08:30:00,2026-07-18 05:05:00,116.58333333333333,HIGH,Asia/Kolkata,AD-10,SEA_SHIFT,0,N,N,N,Attempt to reschedule demo within 48h or escalate
L100776,2026-07-12 09:49:00,2026-07-17 06:23:00,116.56666666666666,HIGH,America/New_York,AD-04,US_SHIFT,2,Y,Y,N,Attempt to reschedule demo within 48h or escalate
L100706,2026-06-04 08:44:00,2026-06-09 05:06:00,116.36666666666666,HIGH,Asia/Kolkata,AD-12,US_SHIFT,2,Y,Y,N,Attempt to reschedule demo within 48h or escalate
L103029,2026-06-13 07:20:00,2026-06-18 03:34:00,116.23333333333333,HIGH,America/New_York,AD-06,IST_SHIFT,4,N,N,N,Attempt to reschedule demo within 48h or escalate
L101063,2026-06-18 11:09:00,2026-06-23 07:20:00,116.18333333333334,HIGH,Europe/London,AD-01,US_SHIFT,2,N,N,N,Attempt to reschedule demo within 48h or escalate
L103363,2026-07-22 20:33:00,2026-07-27 16:33:00,116.0,HIGH,Asia/Kolkata,AD-01,US_SHIFT,1,Y,Y,N,Attempt to reschedule demo within 48h or escalate
L102569,2026-07-13 09:27:00,2026-07-18 05:22:00,115.91666666666667,HIGH,Asia/Dubai,AD-12,US_SHIFT,2,Y,Y,N,Attempt to reschedule demo within 48h or escalate
L104578,2026-07-03 12:14:00,2026-07-08 08:00:00,115.76666666666667,HIGH,Asia/Ho_Chi_Minh,AD-06,IST_SHIFT,6,N,N,N,Attempt to reschedule demo within 48h or escalate
L101623,2026-06-23 15:19:00,2026-06-28 11:05:00,115.76666666666667,HIGH,Asia/Kolkata,AD-02,US_SHIFT,2,N,N,N,Attempt to reschedule demo within 48h or escalate
L101310,2026-07-16 15:07:00,2026-07-21 10:47:00,115.66666666666667,HIGH,America/New_York,AD-02,US_SHIFT,4,Y,Y,N,Attempt to reschedule demo within 48h or escalate
L103339,2026-07-12 01:19:00,2026-07-16 20:55:00,115.6,HIGH,America/New_York,AD-09,IST_SHIFT,2,N,N,N,Attempt to reschedule demo within 48h or escalate
L102601,2026-07-19 14:36:00,2026-07-24 10:08:00,115.53333333333333,HIGH,Asia/Ho_Chi_Minh,AD-06,IST_SHIFT,1,N,N,N,Attempt to reschedule demo within 48h or escalate
L101644,2026-06-22 04:22:00,2026-06-26 23:33:00,115.18333333333334,HIGH,America/New_York,AD-10,SEA_SHIFT,5,Y,Y,N,Attempt to reschedule demo within 48h or escalate
L102776,2026-06-15 06:53:00,2026-06-20 01:59:00,115.1,HIGH,Asia/Dubai,AD-03,US_SHIFT,2,N,N,N,Attempt to reschedule demo within 48h or escalate
L103579,2026-07-19 19:35:00,2026-07-24 14:41:00,115.1,HIGH,Europe/London,AD-09,IST_SHIFT,2,Y,Y,N,Attempt to reschedule demo within 48h or escalate
L100268,2026-07-12 15:03:00,2026-07-17 10:08:00,115.08333333333333,HIGH,America/New_York,AD-02,US_SHIFT,2,N,N,N,Attempt to reschedule demo within 48h or escalate
L102529,2026-07-06 21:36:00,2026-07-11 16:25:00,114.81666666666666,HIGH,Asia/Dubai,AD-06,IST_SHIFT,3,N,N,N,Attempt to reschedule demo within 48h or escalate
L103056,2026-06-06 17:54:00,2026-06-11 12:35:00,114.68333333333334,HIGH,Australia/Sydney,AD-02,US_SHIFT,4,N,N,N,Attempt to reschedule demo within 48h or escalate
L100770,2026-06-05 17:17:00,2026-06-10 11:49:00,114.53333333333333,HIGH,Asia/Singapore,AD-10,SEA_SHIFT,3,Y,Y,Y,Attempt to reschedule demo within 48h or escalate
L100377,2026-06-02 20:58:00,2026-06-07 15:22:00,114.4,HIGH,Asia/Singapore,AD-07,IST_SHIFT,0,N,N,N,Attempt to reschedule demo within 48h or escalate
L100038,2026-07-09 06:08:00,2026-07-14 00:32:00,114.4,HIGH,Asia/Riyadh,AD-07,IST_SHIFT,4,Y,Y,N,Attempt to reschedule demo within 48h or escalate
L104326,2026-07-13 00:27:00,2026-07-17 18:46:00,114.31666666666666,HIGH,America/New_York,AD-01,US_SHIFT,3,Y,Y,N,Attempt to reschedule demo within 48h or escalate
L104038,2026-07-16 17:56:00,2026-07-21 12:02:00,114.1,HIGH,Asia/Dubai,AD-06,IST_SHIFT,0,N,N,N,Attempt to reschedule demo within 48h or escalate
L102989,2026-07-07 10:29:00,2026-07-12 04:34:00,114.08333333333333,HIGH,America/New_York,AD-02,US_SHIFT,1,N,N,N,Attempt to reschedule demo within 48h or escalate
L103980,2026-06-09 21:16:00,2026-06-14 15:14:00,113.96666666666667,HIGH,Asia/Ho_Chi_Minh,AD-10,SEA_SHIFT,3,Y,Y,N,Attempt to reschedule demo within 48h or escalate
L101689,2026-07-18 11:49:00,2026-07-23 05:45:00,113.93333333333334,HIGH,Asia/Kolkata,AD-05,IST_SHIFT,1,Y,Y,N,Attempt to reschedule demo within 48h or escalate
L101731,2026-07-06 19:27:00,2026-07-11 13:21:00,113.9,HIGH,America/New_York,AD-05,IST_SHIFT,2,Y,Y,N,Attempt to reschedule demo within 48h or escalate
L102578,2026-07-21 13:20:00,2026-07-26 07:11:00,113.85,HIGH,Asia/Ho_Chi_Minh,AD-06,IST_SHIFT,2,N,N,N,Attempt to reschedule demo within 48h or escalate
L101005,2026-07-18 19:17:00,2026-07-23 13:07:00,113.83333333333333,HIGH,America/New_York,AD-03,US_SHIFT,4,Y,Y,N,Attempt to reschedule demo within 48h or escalate
L104379,2026-07-10 12:16:00,2026-07-15 05:50:00,113.56666666666666,HIGH,America/New_York,AD-02,US_SHIFT,4,Y,Y,N,Attempt to reschedule demo within 48h or escalate
L102231,2026-06-22 09:11:00,2026-06-27 02:39:00,113.46666666666667,HIGH,Asia/Kolkata,AD-09,IST_SHIFT,3,Y,Y,N,Attempt to reschedule demo within 48h or escalate
L100102,2026-07-11 02:04:00,2026-07-15 19:27:00,113.38333333333334,HIGH,America/New_York,AD-04,US_SHIFT,3,Y,Y,Y,Attempt to reschedule demo within 48h or escalate
L103664,2026-07-02 10:57:00,2026-07-07 04:10:00,113.21666666666667,HIGH,America/New_York,AD-05,IST_SHIFT,2,N,N,N,Attempt to reschedule demo within 48h or escalate
L101245,2026-06-17 11:14:00,2026-06-22 04:21:00,113.11666666666666,HIGH,America/New_York,AD-06,IST_SHIFT,3,Y,Y,N,Attempt to reschedule demo within 48h or escalate
L100536,2026-07-19 22:10:00,2026-07-24 15:14:00,113.06666666666666,HIGH,Asia/Singapore,AD-05,IST_SHIFT,2,Y,Y,N,Attempt to reschedule demo within 48h or escalate
L100857,2026-07-16 04:16:00,2026-07-20 21:20:00,113.06666666666666,HIGH,Asia/Riyadh,AD-08,IST_SHIFT,2,Y,Y,N,Attempt to reschedule demo within 48h or escalate
L104682,2026-07-28 20:55:00,2026-08-02 13:57:00,113.03333333333333,HIGH,Asia/Singapore,AD-04,US_SHIFT,6,Y,Y,N,Attempt to reschedule demo within 48h or escalate
L100170,2026-06-08 01:04:00,2026-06-12 17:58:00,112.9,HIGH,Europe/London,AD-01,US_SHIFT,1,Y,Y,N,Attempt to reschedule demo within 48h or escalate
L101732,2026-07-08 21:44:00,2026-07-13 14:31:00,112.78333333333333,HIGH,Asia/Kolkata,AD-06,IST_SHIFT,3,N,N,N,Attempt to reschedule demo within 48h or escalate
L102747,2026-06-23 01:18:00,2026-06-27 18:02:00,112.73333333333333,HIGH,America/New_York,AD-01,US_SHIFT,2,Y,Y,N,Attempt to reschedule demo within 48h or escalate
L104267,2026-07-11 15:45:00,2026-07-16 08:18:00,112.55,HIGH,Asia/Ho_Chi_Minh,AD-03,US_SHIFT,0,Y,Y,N,Attempt to reschedule demo within 48h or escalate
L104627,2026-07-26 17:36:00,2026-07-31 10:07:00,112.51666666666667,HIGH,America/New_York,AD-10,SEA_SHIFT,2,Y,N,N,Attempt to reschedule demo within 48h or escalate
L100557,2026-06-15 01:25:00,2026-06-19 17:29:00,112.06666666666666,HIGH,America/New_York,AD-02,US_SHIFT,4,N,N,N,Attempt to reschedule demo within 48h or escalate
L101582,2026-06-13 19:58:00,2026-06-18 11:39:00,111.68333333333334,HIGH,America/New_York,AD-08,IST_SHIFT,1,Y,Y,N,Attempt to reschedule demo within 48h or escalate
L100037,2026-07-23 06:34:00,2026-07-27 22:13:00,111.65,HIGH,Asia/Ho_Chi_Minh,AD-01,US_SHIFT,5,Y,Y,N,Attempt to reschedule demo within 48h or escalate
L102499,2026-07-06 19:45:00,2026-07-11 11:23:00,111.63333333333334,HIGH,America/New_York,AD-09,IST_SHIFT,2,N,N,N,Attempt to reschedule demo within 48h or escalate
L102035,2026-07-29 02:53:00,2026-08-02 18:28:00,111.58333333333333,HIGH,Asia/Kolkata,AD-03,US_SHIFT,0,Y,Y,N,Attempt to reschedule demo within 48h or escalate
L103069,2026-06-17 06:57:00,2026-06-21 22:32:00,111.58333333333333,HIGH,Asia/Singapore,AD-07,IST_SHIFT,4,Y,Y,Y,Attempt to reschedule demo within 48h or escalate
L104488,2026-06-11 05:18:00,2026-06-15 20:50:00,111.53333333333333,HIGH,America/New_York,AD-03,US_SHIFT,4,Y,Y,Y,Attempt to reschedule demo within 48h or escalate
L100823,2026-07-15 04:49:00,2026-07-19 20:11:00,111.36666666666666,HIGH,America/New_York,AD-02,US_SHIFT,5,N,N,N,Attempt to reschedule demo within 48h or escalate
L101166,2026-07-23 23:39:00,2026-07-28 14:56:00,111.28333333333333,HIGH,America/New_York,AD-04,US_SHIFT,2,N,N,N,Attempt to reschedule demo within 48h or escalate
L103402,2026-06-11 10:38:00,2026-06-16 01:55:00,111.28333333333333,HIGH,America/New_York,AD-04,US_SHIFT,3,Y,N,N,Attempt to reschedule demo within 48h or escalate
L101868,2026-06-21 05:23:00,2026-06-25 20:35:00,111.2,HIGH,America/New_York,AD-05,IST_SHIFT,2,Y,Y,Y,Attempt to reschedule demo within 48h or escalate
L102384,2026-06-21 05:07:00,2026-06-25 20:18:00,111.18333333333334,HIGH,America/New_York,AD-05,IST_SHIFT,6,Y,Y,N,Attempt to reschedule demo within 48h or escalate
L101736,2026-07-19 23:16:00,2026-07-24 14:23:00,111.11666666666666,HIGH,Asia/Ho_Chi_Minh,AD-02,US_SHIFT,4,N,N,N,Attempt to reschedule demo within 48h or escalate
L101616,2026-07-24 18:01:00,2026-07-29 09:02:00,111.01666666666667,HIGH,America/New_York,AD-10,SEA_SHIFT,2,N,N,N,Attempt to reschedule demo within 48h or escalate
L103478,2026-07-05 21:29:00,2026-07-10 12:23:00,110.9,HIGH,Asia/Riyadh,AD-01,US_SHIFT,3,N,N,N,Attempt to reschedule demo within 48h or escalate
L103623,2026-07-07 03:09:00,2026-07-11 18:02:00,110.88333333333334,HIGH,Asia/Ho_Chi_Minh,AD-07,IST_SHIFT,1,N,N,N,Attempt to reschedule demo within 48h or escalate
L101055,2026-06-17 12:31:00,2026-06-22 03:15:00,110.73333333333333,HIGH,Asia/Kolkata,AD-08,IST_SHIFT,1,Y,N,N,Attempt to reschedule demo within 48h or escalate
L104111,2026-06-17 14:00:00,2026-06-22 04:40:00,110.66666666666667,HIGH,America/New_York,AD-05,IST_SHIFT,3,N,N,N,Attempt to reschedule demo within 48h or escalate
L101202,2026-06-10 21:46:00,2026-06-15 12:16:00,110.5,HIGH,America/New_York,AD-07,IST_SHIFT,0,Y,Y,N,Attempt to reschedule demo within 48h or escalate
L100630,2026-07-03 07:18:00,2026-07-07 21:38:00,110.33333333333333,HIGH,America/New_York,AD-02,US_SHIFT,3,Y,Y,N,Attempt to reschedule demo within 48h or escalate
L103836,2026-07-23 20:03:00,2026-07-28 10:21:00,110.3,HIGH,America/New_York,AD-04,US_SHIFT,3,N,N,N,Attempt to reschedule demo within 48h or escalate
L102232,2026-07-26 12:35:00,2026-07-31 02:52:00,110.28333333333333,HIGH,Asia/Ho_Chi_Minh,AD-05,IST_SHIFT,2,N,N,N,Attempt to reschedule demo within 48h or escalate
L102357,2026-06-18 02:10:00,2026-06-22 16:22:00,110.2,HIGH,Asia/Ho_Chi_Minh,AD-03,US_SHIFT,1,N,N,N,Attempt to reschedule demo within 48h or escalate
L102089,2026-06-06 16:54:00,2026-06-11 07:01:00,110.11666666666666,HIGH,America/New_York,AD-11,SEA_SHIFT,1,N,N,N,Attempt to reschedule demo within 48h or escalate
L101295,2026-07-11 08:22:00,2026-07-15 22:18:00,109.93333333333334,HIGH,America/New_York,AD-03,US_SHIFT,3,N,N,N,Attempt to reschedule demo within 48h or escalate
L102004,2026-06-23 21:41:00,2026-06-28 11:36:00,109.91666666666667,HIGH,Asia/Ho_Chi_Minh,AD-04,US_SHIFT,1,Y,Y,N,Attempt to reschedule demo within 48h or escalate
L100824,2026-06-05 05:50:00,2026-06-09 19:45:00,109.91666666666667,HIGH,Australia/Sydney,AD-03,US_SHIFT,2,N,N,N,Attempt to reschedule demo within 48h or escalate
L103903,2026-07-14 07:13:00,2026-07-18 21:02:00,109.81666666666666,HIGH,America/New_York,AD-05,IST_SHIFT,4,N,N,N,Attempt to reschedule demo within 48h or escalate
L100673,2026-06-26 03:03:00,2026-06-30 16:47:00,109.73333333333333,HIGH,Asia/Dubai,AD-06,IST_SHIFT,4,N,N,N,Attempt to reschedule demo within 48h or escalate
L102120,2026-07-14 15:49:00,2026-07-19 05:32:00,109.71666666666667,HIGH,Asia/Riyadh,AD-07,IST_SHIFT,2,Y,N,N,Attempt to reschedule demo within 48h or escalate
L104720,2026-06-02 07:44:00,2026-06-06 21:23:00,109.65,HIGH,Asia/Kolkata,AD-03,US_SHIFT,2,Y,Y,N,Attempt to reschedule demo within 48h or escalate
L101675,2026-06-23 13:13:00,2026-06-28 02:52:00,109.65,HIGH,America/New_York,AD-12,US_SHIFT,5,N,N,N,Attempt to reschedule demo within 48h or escalate
L104850,2026-06-11 21:21:00,2026-06-16 10:54:00,109.55,HIGH,Asia/Ho_Chi_Minh,AD-08,IST_SHIFT,3,Y,Y,N,Attempt to reschedule demo within 48h or escalate
L102446,2026-07-30 04:15:00,2026-08-03 17:38:00,109.38333333333334,HIGH,Asia/Dubai,AD-01,US_SHIFT,0,N,N,N,Attempt to reschedule demo within 48h or escalate
L104577,2026-06-20 11:04:00,2026-06-25 00:27:00,109.38333333333334,HIGH,Asia/Ho_Chi_Minh,AD-03,US_SHIFT,3,N,N,N,Attempt to reschedule demo within 48h or escalate
L104174,2026-07-28 16:49:00,2026-08-02 06:09:00,109.33333333333333,HIGH,America/New_York,AD-10,SEA_SHIFT,2,Y,Y,N,Attempt to reschedule demo within 48h or escalate
L104772,2026-06-27 08:17:00,2026-07-01 21:36:00,109.31666666666666,HIGH,Asia/Ho_Chi_Minh,AD-02,US_SHIFT,2,N,N,N,Attempt to reschedule demo within 48h or escalate
L101830,2026-06-28 09:25:00,2026-07-02 22:35:00,109.16666666666667,HIGH,Asia/Kolkata,AD-08,IST_SHIFT,2,Y,Y,N,Attempt to reschedule demo within 48h or escalate
L102518,2026-07-04 14:52:00,2026-07-09 04:01:00,109.15,HIGH,Asia/Kolkata,AD-11,SEA_SHIFT,4,N,N,N,Attempt to reschedule demo within 48h or escalate
L100663,2026-06-24 06:50:00,2026-06-28 19:51:00,109.01666666666667,HIGH,America/New_York,AD-05,IST_SHIFT,5,N,N,N,Attempt to reschedule demo within 48h or escalate
L104619,2026-07-16 12:00:00,2026-07-21 00:59:00,108.98333333333333,HIGH,Europe/London,AD-03,US_SHIFT,2,N,N,N,Attempt to reschedule demo within 48h or escalate
L104650,2026-06-23 06:17:00,2026-06-27 19:13:00,108.93333333333334,HIGH,America/New_York,AD-05,IST_SHIFT,1,N,N,N,Attempt to reschedule demo within 48h or escalate
L103919,2026-06-07 16:52:00,2026-06-12 05:47:00,108.91666666666667,HIGH,America/New_York,AD-04,US_SHIFT,3,Y,Y,Y,Attempt to reschedule demo within 48h or escalate
L102904,2026-07-04 12:06:00,2026-07-09 00:57:00,108.85,HIGH,America/New_York,AD-03,US_SHIFT,2,Y,Y,Y,Attempt to reschedule demo within 48h or escalate
L101111,2026-07-03 16:45:00,2026-07-08 05:30:00,108.75,HIGH,America/New_York,AD-06,IST_SHIFT,2,Y,N,N,Attempt to reschedule demo within 48h or escalate
L104384,2026-06-15 00:42:00,2026-06-19 13:21:00,108.65,HIGH,America/New_York,AD-01,US_SHIFT,1,N,N,N,Attempt to reschedule demo within 48h or escalate
L102768,2026-07-28 07:48:00,2026-08-01 20:26:00,108.63333333333334,HIGH,America/New_York,AD-03,US_SHIFT,4,Y,Y,N,Attempt to reschedule demo within 48h or escalate
L103505,2026-06-09 00:39:00,2026-06-13 13:14:00,108.58333333333333,HIGH,Asia/Riyadh,AD-08,IST_SHIFT,2,Y,Y,Y,Attempt to reschedule demo within 48h or escalate
L102362,2026-07-28 18:18:00,2026-08-02 06:52:00,108.56666666666666,HIGH,Europe/London,AD-06,IST_SHIFT,1,Y,Y,Y,Attempt to reschedule demo within 48h or escalate
L104310,2026-07-24 05:08:00,2026-07-28 17:35:00,108.45,HIGH,Europe/London,AD-06,IST_SHIFT,2,N,N,N,Attempt to reschedule demo within 48h or escalate
L101380,2026-07-14 11:48:00,2026-07-19 00:14:00,108.43333333333334,HIGH,Asia/Ho_Chi_Minh,AD-01,US_SHIFT,3,Y,Y,N,Attempt to reschedule demo within 48h or escalate
L104253,2026-07-01 05:30:00,2026-07-05 17:52:00,108.36666666666666,HIGH,Asia/Ho_Chi_Minh,AD-06,IST_SHIFT,2,N,N,N,Attempt to reschedule demo within 48h or escalate
L101611,2026-06-18 18:40:00,2026-06-23 07:00:00,108.33333333333333,HIGH,Asia/Dubai,AD-08,IST_SHIFT,5,N,N,N,Attempt to reschedule demo within 48h or escalate
L103360,2026-07-07 03:13:00,2026-07-11 15:30:00,108.28333333333333,HIGH,Asia/Riyadh,AD-06,IST_SHIFT,3,Y,Y,Y,Attempt to reschedule demo within 48h or escalate
L103295,2026-06-26 01:20:00,2026-06-30 13:35:00,108.25,HIGH,Australia/Sydney,AD-01,US_SHIFT,4,N,N,N,Attempt to reschedule demo within 48h or escalate
L102895,2026-07-17 15:32:00,2026-07-22 03:37:00,108.08333333333333,HIGH,Asia/Ho_Chi_Minh,AD-11,SEA_SHIFT,4,Y,N,N,Attempt to reschedule demo within 48h or escalate
L101959,2026-06-03 14:19:00,2026-06-08 02:22:00,108.05,HIGH,America/New_York,AD-05,IST_SHIFT,1,Y,Y,N,Attempt to reschedule demo within 48h or escalate
L100289,2026-07-07 12:34:00,2026-07-12 00:27:00,107.88333333333334,HIGH,America/New_York,AD-05,IST_SHIFT,0,N,N,N,Attempt to reschedule demo within 48h or escalate
L100454,2026-06-12 16:03:00,2026-06-17 03:54:00,107.85,HIGH,Asia/Ho_Chi_Minh,AD-01,US_SHIFT,4,N,N,N,Attempt to reschedule demo within 48h or escalate
L100121,2026-07-27 07:02:00,2026-07-31 18:22:00,107.33333333333333,HIGH,Asia/Dubai,AD-11,SEA_SHIFT,2,Y,N,N,Attempt to reschedule demo within 48h or escalate
L100724,2026-07-27 02:05:00,2026-07-31 13:23:00,107.3,HIGH,Europe/London,AD-09,IST_SHIFT,6,Y,Y,N,Attempt to reschedule demo within 48h or escalate
L101150,2026-06-30 06:49:00,2026-07-04 17:58:00,107.15,HIGH,America/New_York,AD-05,IST_SHIFT,2,N,N,N,Attempt to reschedule demo within 48h or escalate
L101154,2026-06-27 04:33:00,2026-07-01 15:40:00,107.11666666666666,HIGH,Australia/Sydney,AD-10,SEA_SHIFT,2,Y,Y,N,Attempt to reschedule demo within 48h or escalate
L102076,2026-06-09 18:21:00,2026-06-14 05:25:00,107.06666666666666,HIGH,America/New_York,AD-11,SEA_SHIFT,4,N,N,N,Attempt to reschedule demo within 48h or escalate
L102176,2026-06-22 20:17:00,2026-06-27 07:20:00,107.05,HIGH,America/New_York,AD-09,IST_SHIFT,2,Y,Y,N,Attempt to reschedule demo within 48h or escalate
L103604,2026-07-16 11:20:00,2026-07-20 22:10:00,106.83333333333333,HIGH,Asia/Singapore,AD-08,IST_SHIFT,3,Y,Y,N,Attempt to reschedule demo within 48h or escalate
L100887,2026-06-30 09:26:00,2026-07-04 20:13:00,106.78333333333333,HIGH,Asia/Riyadh,AD-04,US_SHIFT,3,Y,Y,N,Attempt to reschedule demo within 48h or escalate
L102336,2026-07-10 19:19:00,2026-07-15 06:04:00,106.75,HIGH,Asia/Ho_Chi_Minh,AD-12,US_SHIFT,3,Y,Y,Y,Attempt to reschedule demo within 48h or escalate
L104969,2026-07-18 20:55:00,2026-07-23 07:36:00,106.68333333333334,HIGH,America/New_York,AD-05,IST_SHIFT,2,N,N,N,Attempt to reschedule demo within 48h or escalate
L102739,2026-07-31 10:28:00,2026-08-04 20:51:00,106.38333333333334,HIGH,Asia/Ho_Chi_Minh,AD-07,IST_SHIFT,2,Y,Y,N,Attempt to reschedule demo within 48h or escalate
L100728,2026-07-01 02:13:00,2026-07-05 12:34:00,106.35,HIGH,Asia/Riyadh,AD-03,US_SHIFT,3,Y,Y,Y,Attempt to reschedule demo within 48h or escalate
L104286,2026-07-28 04:21:00,2026-08-01 14:39:00,106.3,HIGH,Asia/Riyadh,AD-01,US_SHIFT,6,Y,Y,Y,Attempt to reschedule demo within 48h or escalate
L103409,2026-06-16 01:27:00,2026-06-20 11:41:00,106.23333333333333,HIGH,America/New_York,AD-12,US_SHIFT,3,Y,Y,Y,Attempt to reschedule demo within 48h or escalate
L104080,2026-07-07 22:47:00,2026-07-12 08:52:00,106.08333333333333,HIGH,Australia/Sydney,AD-06,IST_SHIFT,2,N,N,N,Attempt to reschedule demo within 48h or escalate
L102070,2026-07-08 15:44:00,2026-07-13 01:46:00,106.03333333333333,HIGH,Europe/London,AD-01,US_SHIFT,0,N,N,N,Attempt to reschedule demo within 48h or escalate
L102722,2026-07-24 11:32:00,2026-07-28 21:31:00,105.98333333333333,HIGH,Asia/Kolkata,AD-10,SEA_SHIFT,5,Y,Y,N,Attempt to reschedule demo within 48h or escalate
L100196,2026-07-25 18:18:00,2026-07-30 04:15:00,105.95,HIGH,Asia/Dubai,AD-06,IST_SHIFT,5,Y,Y,Y,Attempt to reschedule demo within 48h or escalate
L101393,2026-07-14 23:18:00,2026-07-19 09:13:00,105.91666666666667,HIGH,Europe/London,AD-06,IST_SHIFT,2,N,N,N,Attempt to reschedule demo within 48h or escalate
L102878,2026-07-07 12:06:00,2026-07-11 22:00:00,105.9,HIGH,Asia/Riyadh,AD-06,IST_SHIFT,2,N,N,N,Attempt to reschedule demo within 48h or escalate
L102391,2026-06-21 11:24:00,2026-06-25 21:07:00,105.71666666666667,HIGH,America/New_York,AD-05,IST_SHIFT,0,N,N,N,Attempt to reschedule demo within 48h or escalate
L104670,2026-06-18 02:38:00,2026-06-22 12:16:00,105.63333333333334,HIGH,America/New_York,AD-05,IST_SHIFT,5,Y,Y,N,Attempt to reschedule demo within 48h or escalate
L101538,2026-06-24 20:05:00,2026-06-29 05:41:00,105.6,HIGH,Asia/Riyadh,AD-09,IST_SHIFT,2,Y,Y,N,Attempt to reschedule demo within 48h or escalate
L104360,2026-07-31 11:03:00,2026-08-04 20:34:00,105.51666666666667,HIGH,America/New_York,AD-02,US_SHIFT,4,N,N,N,Attempt to reschedule demo within 48h or escalate
L104099,2026-07-03 08:54:00,2026-07-07 18:18:00,105.4,HIGH,Asia/Kolkata,AD-10,SEA_SHIFT,3,Y,Y,N,Attempt to reschedule demo within 48h or escalate
L102498,2026-07-09 22:36:00,2026-07-14 07:59:00,105.38333333333334,HIGH,Australia/Sydney,AD-03,US_SHIFT,3,Y,Y,N,Attempt to reschedule demo within 48h or escalate
L104740,2026-07-31 22:47:00,2026-08-05 08:08:00,105.35,HIGH,Asia/Dubai,AD-05,IST_SHIFT,2,Y,Y,N,Attempt to reschedule demo within 48h or escalate
L101400,2026-07-30 08:45:00,2026-08-03 18:01:00,105.26666666666667,HIGH,Asia/Kolkata,AD-11,SEA_SHIFT,0,Y,N,N,Attempt to reschedule demo within 48h or escalate
L101468,2026-06-14 15:54:00,2026-06-19 01:09:00,105.25,HIGH,Australia/Sydney,AD-05,IST_SHIFT,5,N,N,N,Attempt to reschedule demo within 48h or escalate
L101168,2026-07-01 21:57:00,2026-07-06 07:10:00,105.21666666666667,HIGH,Asia/Riyadh,AD-05,IST_SHIFT,1,Y,Y,N,Attempt to reschedule demo within 48h or escalate
L102707,2026-07-30 16:45:00,2026-08-04 01:58:00,105.21666666666667,HIGH,America/New_York,AD-09,IST_SHIFT,1,N,N,N,Attempt to reschedule demo within 48h or escalate
L103105,2026-07-14 23:13:00,2026-07-19 08:25:00,105.2,HIGH,Europe/London,AD-01,US_SHIFT,4,N,N,N,Attempt to reschedule demo within 48h or escalate
L100710,2026-07-20 08:06:00,2026-07-24 17:17:00,105.18333333333334,HIGH,America/New_York,AD-07,IST_SHIFT,1,N,N,N,Attempt to reschedule demo within 48h or escalate
L101586,2026-07-05 08:19:00,2026-07-09 17:23:00,105.06666666666666,HIGH,Australia/Sydney,AD-08,IST_SHIFT,1,N,N,N,Attempt to reschedule demo within 48h or escalate
L103440,2026-06-16 08:52:00,2026-06-20 17:56:00,105.06666666666666,HIGH,Asia/Kolkata,AD-10,SEA_SHIFT,3,N,N,N,Attempt to reschedule demo within 48h or escalate
L101196,2026-07-12 11:48:00,2026-07-16 20:50:00,105.03333333333333,HIGH,Asia/Ho_Chi_Minh,AD-12,US_SHIFT,2,N,N,N,Attempt to reschedule demo within 48h or escalate
L103519,2026-06-09 08:54:00,2026-06-13 17:55:00,105.01666666666667,HIGH,America/New_York,AD-02,US_SHIFT,2,N,N,N,Attempt to reschedule demo within 48h or escalate
L101432,2026-06-30 17:36:00,2026-07-05 02:34:00,104.96666666666667,HIGH,Asia/Ho_Chi_Minh,AD-06,IST_SHIFT,6,N,N,N,Attempt to reschedule demo within 48h or escalate
L102849,2026-07-28 00:38:00,2026-08-01 09:31:00,104.88333333333334,HIGH,Europe/London,AD-01,US_SHIFT,3,Y,Y,N,Attempt to reschedule demo within 48h or escalate
L102109,2026-06-20 14:41:00,2026-06-24 23:30:00,104.81666666666666,HIGH,Australia/Sydney,AD-08,IST_SHIFT,1,N,N,N,Attempt to reschedule demo within 48h or escalate
L103929,2026-06-18 01:11:00,2026-06-22 09:59:00,104.8,HIGH,America/New_York,AD-06,IST_SHIFT,1,N,N,N,Attempt to reschedule demo within 48h or escalate
L102416,2026-06-03 06:11:00,2026-06-07 14:47:00,104.6,HIGH,Europe/London,AD-12,US_SHIFT,0,Y,Y,N,Attempt to reschedule demo within 48h or escalate
L101884,2026-06-04 21:33:00,2026-06-09 06:05:00,104.53333333333333,HIGH,America/New_York,AD-04,US_SHIFT,2,N,N,N,Attempt to reschedule demo within 48h or escalate
L100913,2026-06-18 21:49:00,2026-06-23 06:10:00,104.35,HIGH,Asia/Riyadh,AD-03,US_SHIFT,2,N,N,N,Attempt to reschedule demo within 48h or escalate
L100106,2026-06-10 07:38:00,2026-06-14 15:54:00,104.26666666666667,HIGH,Asia/Kolkata,AD-01,US_SHIFT,4,N,N,N,Attempt to reschedule demo within 48h or escalate
L104532,2026-07-24 02:30:00,2026-07-28 10:41:00,104.18333333333334,HIGH,Asia/Dubai,AD-04,US_SHIFT,3,Y,Y,N,Attempt to reschedule demo within 48h or escalate
L100422,2026-07-06 14:22:00,2026-07-10 22:29:00,104.11666666666666,HIGH,Australia/Sydney,AD-06,IST_SHIFT,0,N,N,N,Attempt to reschedule demo within 48h or escalate
L102462,2026-06-02 13:53:00,2026-06-06 21:57:00,104.06666666666666,HIGH,Asia/Dubai,AD-11,SEA_SHIFT,3,Y,Y,N,Attempt to reschedule demo within 48h or escalate
L103109,2026-06-23 22:41:00,2026-06-28 06:45:00,104.06666666666666,HIGH,Australia/Sydney,AD-02,US_SHIFT,2,N,N,N,Attempt to reschedule demo within 48h or escalate
L104082,2026-06-03 19:43:00,2026-06-08 03:44:00,104.01666666666667,HIGH,Asia/Kolkata,AD-09,IST_SHIFT,5,N,N,N,Attempt to reschedule demo within 48h or escalate
L104639,2026-07-27 10:33:00,2026-07-31 18:32:00,103.98333333333333,HIGH,Asia/Ho_Chi_Minh,AD-05,IST_SHIFT,1,N,N,N,Attempt to reschedule demo within 48h or escalate
L100358,2026-06-24 20:08:00,2026-06-29 04:04:00,103.93333333333334,HIGH,Europe/London,AD-09,IST_SHIFT,1,N,N,N,Attempt to reschedule demo within 48h or escalate
L102699,2026-07-21 16:25:00,2026-07-26 00:19:00,103.9,HIGH,Asia/Ho_Chi_Minh,AD-11,SEA_SHIFT,3,Y,Y,N,Attempt to reschedule demo within 48h or escalate
L102641,2026-06-12 22:36:00,2026-06-17 06:24:00,103.8,HIGH,Asia/Ho_Chi_Minh,AD-04,US_SHIFT,0,Y,Y,N,Attempt to reschedule demo within 48h or escalate
L102745,2026-07-20 02:03:00,2026-07-24 09:48:00,103.75,HIGH,Asia/Kolkata,AD-05,IST_SHIFT,9,Y,Y,N,Attempt to reschedule demo within 48h or escalate
L100786,2026-07-31 22:23:00,2026-08-05 06:04:00,103.68333333333334,HIGH,Asia/Dubai,AD-03,US_SHIFT,2,Y,N,N,Attempt to reschedule demo within 48h or escalate
L102359,2026-06-18 06:01:00,2026-06-22 13:40:00,103.65,HIGH,America/New_York,AD-01,US_SHIFT,5,Y,Y,N,Attempt to reschedule demo within 48h or escalate
L103924,2026-07-05 22:25:00,2026-07-10 06:03:00,103.63333333333334,HIGH,America/New_York,AD-06,IST_SHIFT,4,N,N,N,Attempt to reschedule demo within 48h or escalate
L101237,2026-06-15 12:04:00,2026-06-19 19:31:00,103.45,HIGH,America/New_York,AD-05,IST_SHIFT,8,N,N,N,Attempt to reschedule demo within 48h or escalate
L102652,2026-06-04 17:41:00,2026-06-09 01:03:00,103.36666666666666,HIGH,America/New_York,AD-04,US_SHIFT,4,N,N,N,Attempt to reschedule demo within 48h or escalate
L104759,2026-07-29 04:23:00,2026-08-02 11:44:00,103.35,HIGH,Asia/Riyadh,AD-11,SEA_SHIFT,1,Y,Y,N,Attempt to reschedule demo within 48h or escalate
L104202,2026-07-26 00:15:00,2026-07-30 07:32:00,103.28333333333333,HIGH,Asia/Riyadh,AD-04,US_SHIFT,3,N,N,N,Attempt to reschedule demo within 48h or escalate
L101085,2026-06-11 04:07:00,2026-06-15 11:21:00,103.23333333333333,HIGH,Asia/Dubai,AD-08,IST_SHIFT,2,Y,Y,N,Attempt to reschedule demo within 48h or escalate
L100902,2026-06-26 08:06:00,2026-06-30 15:20:00,103.23333333333333,HIGH,Asia/Ho_Chi_Minh,AD-01,US_SHIFT,4,N,N,N,Attempt to reschedule demo within 48h or escalate
L100410,2026-06-24 16:36:00,2026-06-28 23:43:00,103.11666666666666,HIGH,Asia/Ho_Chi_Minh,AD-02,US_SHIFT,3,N,N,N,Attempt to reschedule demo within 48h or escalate
L104182,2026-06-13 05:52:00,2026-06-17 12:54:00,103.03333333333333,HIGH,Asia/Riyadh,AD-09,IST_SHIFT,1,N,N,N,Attempt to reschedule demo within 48h or escalate
L100586,2026-07-24 15:14:00,2026-07-28 22:10:00,102.93333333333334,HIGH,America/New_York,AD-05,IST_SHIFT,4,N,N,N,Attempt to reschedule demo within 48h or escalate
L101214,2026-06-09 09:22:00,2026-06-13 16:15:00,102.88333333333334,HIGH,Europe/London,AD-09,IST_SHIFT,1,N,N,N,Attempt to reschedule demo within 48h or escalate
L103314,2026-07-29 11:15:00,2026-08-02 18:05:00,102.83333333333333,HIGH,Europe/London,AD-07,IST_SHIFT,1,Y,N,N,Attempt to reschedule demo within 48h or escalate
L100312,2026-07-12 06:03:00,2026-07-16 12:50:00,102.78333333333333,HIGH,Australia/Sydney,AD-08,IST_SHIFT,4,N,N,N,Attempt to reschedule demo within 48h or escalate
L102581,2026-06-06 05:15:00,2026-06-10 11:57:00,102.7,HIGH,Australia/Sydney,AD-06,IST_SHIFT,3,Y,N,N,Attempt to reschedule demo within 48h or escalate
L104015,2026-07-18 12:40:00,2026-07-22 19:21:00,102.68333333333334,HIGH,America/New_York,AD-09,IST_SHIFT,1,N,N,N,Attempt to reschedule demo within 48h or escalate
L101250,2026-07-12 08:32:00,2026-07-16 15:05:00,102.55,HIGH,Europe/London,AD-12,US_SHIFT,0,Y,Y,N,Attempt to reschedule demo within 48h or escalate
L100078,2026-07-29 12:24:00,2026-08-02 18:55:00,102.51666666666667,HIGH,Asia/Kolkata,AD-02,US_SHIFT,4,Y,Y,N,Attempt to reschedule demo within 48h or escalate
L104047,2026-06-14 10:41:00,2026-06-18 17:09:00,102.46666666666667,HIGH,Asia/Dubai,AD-04,US_SHIFT,1,N,N,N,Attempt to reschedule demo within 48h or escalate
L103897,2026-07-29 02:36:00,2026-08-02 09:04:00,102.46666666666667,HIGH,America/New_York,AD-07,IST_SHIFT,4,N,N,N,Attempt to reschedule demo within 48h or escalate
L104394,2026-07-04 00:57:00,2026-07-08 07:21:00,102.4,HIGH,Asia/Ho_Chi_Minh,AD-03,US_SHIFT,0,N,N,N,Attempt to reschedule demo within 48h or escalate
L101829,2026-07-30 18:55:00,2026-08-04 01:19:00,102.4,HIGH,Asia/Ho_Chi_Minh,AD-04,US_SHIFT,4,Y,Y,N,Attempt to reschedule demo within 48h or escalate
L103326,2026-07-19 01:56:00,2026-07-23 08:19:00,102.38333333333334,HIGH,Asia/Dubai,AD-03,US_SHIFT,5,Y,N,N,Attempt to reschedule demo within 48h or escalate
L102995,2026-07-05 05:44:00,2026-07-09 11:57:00,102.21666666666667,HIGH,Asia/Ho_Chi_Minh,AD-01,US_SHIFT,3,Y,Y,N,Attempt to reschedule demo within 48h or escalate
L100891,2026-07-16 00:29:00,2026-07-20 06:37:00,102.13333333333334,HIGH,Asia/Kolkata,AD-05,IST_SHIFT,2,N,N,N,Attempt to reschedule demo within 48h or escalate
L102461,2026-07-18 17:22:00,2026-07-22 23:29:00,102.11666666666666,HIGH,America/New_York,AD-07,IST_SHIFT,4,N,N,N,Attempt to reschedule demo within 48h or escalate
L102787,2026-06-01 10:16:00,2026-06-05 16:23:00,102.11666666666666,HIGH,America/New_York,AD-08,IST_SHIFT,3,N,N,N,Attempt to reschedule demo within 48h or escalate
L100112,2026-07-12 09:06:00,2026-07-16 15:08:00,102.03333333333333,HIGH,Asia/Dubai,AD-10,SEA_SHIFT,3,Y,Y,N,Attempt to reschedule demo within 48h or escalate
L104628,2026-07-15 16:41:00,2026-07-19 22:42:00,102.01666666666667,HIGH,America/New_York,AD-03,US_SHIFT,8,N,N,N,Attempt to reschedule demo within 48h or escalate
L104018,2026-06-19 00:28:00,2026-06-23 06:25:00,101.95,HIGH,America/New_York,AD-08,IST_SHIFT,6,Y,Y,Y,Attempt to reschedule demo within 48h or escalate
L102885,2026-07-12 06:43:00,2026-07-16 12:33:00,101.83333333333333,HIGH,Asia/Singapore,AD-06,IST_SHIFT,2,N,N,N,Attempt to reschedule demo within 48h or escalate
L102889,2026-06-15 21:31:00,2026-06-20 03:20:00,101.81666666666666,HIGH,Asia/Riyadh,AD-01,US_SHIFT,4,Y,N,N,Attempt to reschedule demo within 48h or escalate
L100232,2026-07-31 15:56:00,2026-08-04 21:34:00,101.63333333333334,HIGH,America/New_York,AD-02,US_SHIFT,4,Y,Y,N,Attempt to reschedule demo within 48h or escalate
L104116,2026-06-27 13:16:00,2026-07-01 18:48:00,101.53333333333333,HIGH,Asia/Dubai,AD-11,SEA_SHIFT,2,Y,Y,N,Attempt to reschedule demo within 48h or escalate
L100622,2026-07-18 23:29:00,2026-07-23 04:55:00,101.43333333333334,HIGH,America/New_York,AD-02,US_SHIFT,1,Y,Y,N,Attempt to reschedule demo within 48h or escalate
L100039,2026-07-27 11:45:00,2026-07-31 17:11:00,101.43333333333334,HIGH,America/New_York,AD-02,US_SHIFT,4,N,N,N,Attempt to reschedule demo within 48h or escalate
L103594,2026-06-15 05:02:00,2026-06-19 10:27:00,101.41666666666667,HIGH,Europe/London,AD-03,US_SHIFT,4,Y,Y,N,Attempt to reschedule demo within 48h or escalate
L102828,2026-07-02 13:13:00,2026-07-06 18:33:00,101.33333333333333,HIGH,Asia/Singapore,AD-05,IST_SHIFT,1,N,N,N,Attempt to reschedule demo within 48h or escalate
L100618,2026-06-19 09:03:00,2026-06-23 14:16:00,101.21666666666667,HIGH,America/New_York,AD-11,SEA_SHIFT,3,N,N,N,Attempt to reschedule demo within 48h or escalate
L101895,2026-06-03 08:17:00,2026-06-07 13:29:00,101.2,HIGH,Europe/London,AD-12,US_SHIFT,2,N,N,N,Attempt to reschedule demo within 48h or escalate
L101775,2026-06-23 22:08:00,2026-06-28 03:12:00,101.06666666666666,HIGH,America/New_York,AD-10,SEA_SHIFT,2,N,N,N,Attempt to reschedule demo within 48h or escalate
L100763,2026-06-04 16:44:00,2026-06-08 21:46:00,101.03333333333333,HIGH,Europe/London,AD-10,SEA_SHIFT,6,Y,Y,N,Attempt to reschedule demo within 48h or escalate
L103108,2026-07-10 00:52:00,2026-07-14 05:51:00,100.98333333333333,HIGH,America/New_York,AD-05,IST_SHIFT,2,Y,Y,N,Attempt to reschedule demo within 48h or escalate
L100942,2026-07-11 19:45:00,2026-07-16 00:43:00,100.96666666666667,HIGH,America/New_York,AD-04,US_SHIFT,1,Y,Y,Y,Attempt to reschedule demo within 48h or escalate
L101946,2026-06-17 18:49:00,2026-06-21 23:38:00,100.81666666666666,HIGH,Australia/Sydney,AD-12,US_SHIFT,4,Y,N,N,Attempt to reschedule demo within 48h or escalate
L101833,2026-06-11 18:05:00,2026-06-15 22:54:00,100.81666666666666,HIGH,Europe/London,AD-09,IST_SHIFT,4,N,N,N,Attempt to reschedule demo within 48h or escalate
L100496,2026-06-19 01:32:00,2026-06-23 06:14:00,100.7,HIGH,Asia/Riyadh,AD-08,IST_SHIFT,3,Y,Y,N,Attempt to reschedule demo within 48h or escalate
L101030,2026-07-11 07:14:00,2026-07-15 11:53:00,100.65,HIGH,Australia/Sydney,AD-06,IST_SHIFT,1,N,N,N,Attempt to reschedule demo within 48h or escalate
L103035,2026-06-16 12:42:00,2026-06-20 17:20:00,100.63333333333334,HIGH,Asia/Ho_Chi_Minh,AD-02,US_SHIFT,0,Y,Y,N,Attempt to reschedule demo within 48h or escalate
L100702,2026-07-03 05:40:00,2026-07-07 10:05:00,100.41666666666667,HIGH,Asia/Ho_Chi_Minh,AD-02,US_SHIFT,4,N,N,N,Attempt to reschedule demo within 48h or escalate
L101999,2026-06-30 07:20:00,2026-07-04 11:37:00,100.28333333333333,HIGH,Europe/London,AD-11,SEA_SHIFT,2,N,N,N,Attempt to reschedule demo within 48h or escalate
L104765,2026-07-22 01:22:00,2026-07-26 05:31:00,100.15,HIGH,Asia/Ho_Chi_Minh,AD-04,US_SHIFT,4,Y,Y,N,Attempt to reschedule demo within 48h or escalate
L101982,2026-06-04 17:44:00,2026-06-08 21:47:00,100.05,HIGH,Australia/Sydney,AD-04,US_SHIFT,4,Y,Y,N,Attempt to reschedule demo within 48h or escalate
L101901,2026-07-29 14:52:00,2026-08-02 18:50:00,99.96666666666667,HIGH,Asia/Riyadh,AD-04,US_SHIFT,1,N,N,N,Attempt to reschedule demo within 48h or escalate
L102706,2026-07-06 23:04:00,2026-07-11 02:58:00,99.9,HIGH,Asia/Dubai,AD-04,US_SHIFT,1,N,N,N,Attempt to reschedule demo within 48h or escalate
L104222,2026-06-12 16:26:00,2026-06-16 20:19:00,99.88333333333334,HIGH,America/New_York,AD-09,IST_SHIFT,3,Y,Y,Y,Attempt to reschedule demo within 48h or escalate
L103094,2026-06-14 08:26:00,2026-06-18 12:12:00,99.76666666666667,HIGH,Asia/Kolkata,AD-12,US_SHIFT,2,N,N,N,Attempt to reschedule demo within 48h or escalate
L102045,2026-06-14 19:55:00,2026-06-18 23:35:00,99.66666666666667,HIGH,Europe/London,AD-04,US_SHIFT,0,N,N,N,Attempt to reschedule demo within 48h or escalate
L100719,2026-06-26 01:26:00,2026-06-30 05:00:00,99.56666666666666,HIGH,Asia/Riyadh,AD-06,IST_SHIFT,3,N,N,N,Attempt to reschedule demo within 48h or escalate
L100832,2026-06-10 03:04:00,2026-06-14 06:35:00,99.51666666666667,HIGH,Europe/London,AD-02,US_SHIFT,6,N,N,N,Attempt to reschedule demo within 48h or escalate
L100976,2026-06-02 22:39:00,2026-06-07 02:01:00,99.36666666666666,HIGH,Europe/London,AD-10,SEA_SHIFT,3,N,N,N,Attempt to reschedule demo within 48h or escalate
L101070,2026-06-06 19:00:00,2026-06-10 22:21:00,99.35,HIGH,Europe/London,AD-07,IST_SHIFT,3,Y,Y,N,Attempt to reschedule demo within 48h or escalate
L100836,2026-06-28 22:16:00,2026-07-03 01:36:00,99.33333333333333,HIGH,Australia/Sydney,AD-08,IST_SHIFT,5,Y,Y,Y,Attempt to reschedule demo within 48h or escalate
L101572,2026-06-23 16:13:00,2026-06-27 19:32:00,99.31666666666666,HIGH,America/New_York,AD-08,IST_SHIFT,2,Y,Y,Y,Attempt to reschedule demo within 48h or escalate
L104511,2026-06-06 10:25:00,2026-06-10 13:37:00,99.2,HIGH,Asia/Kolkata,AD-03,US_SHIFT,1,N,N,N,Attempt to reschedule demo within 48h or escalate
L103160,2026-07-15 16:26:00,2026-07-19 19:37:00,99.18333333333334,HIGH,Asia/Riyadh,AD-01,US_SHIFT,1,Y,Y,N,Attempt to reschedule demo within 48h or escalate
L102928,2026-07-11 05:38:00,2026-07-15 08:26:00,98.8,HIGH,Australia/Sydney,AD-04,US_SHIFT,1,N,N,N,Attempt to reschedule demo within 48h or escalate
L103470,2026-06-19 23:26:00,2026-06-24 02:07:00,98.68333333333334,HIGH,Asia/Riyadh,AD-10,SEA_SHIFT,1,Y,Y,Y,Attempt to reschedule demo within 48h or escalate
L102085,2026-07-05 17:09:00,2026-07-09 19:42:00,98.55,HIGH,Asia/Kolkata,AD-11,SEA_SHIFT,3,N,N,N,Attempt to reschedule demo within 48h or escalate
L104226,2026-07-19 03:25:00,2026-07-23 05:57:00,98.53333333333333,HIGH,Asia/Dubai,AD-02,US_SHIFT,1,Y,Y,N,Attempt to reschedule demo within 48h or escalate
L104054,2026-06-23 22:48:00,2026-06-28 01:13:00,98.41666666666667,HIGH,Asia/Ho_Chi_Minh,AD-12,US_SHIFT,2,N,N,N,Attempt to reschedule demo within 48h or escalate
L101022,2026-07-14 10:38:00,2026-07-18 13:03:00,98.41666666666667,HIGH,Australia/Sydney,AD-01,US_SHIFT,3,N,N,N,Attempt to reschedule demo within 48h or escalate
L103803,2026-07-14 12:33:00,2026-07-18 14:55:00,98.36666666666666,HIGH,Asia/Kolkata,AD-07,IST_SHIFT,3,N,N,N,Attempt to reschedule demo within 48h or escalate
L101531,2026-06-11 20:51:00,2026-06-15 23:12:00,98.35,HIGH,America/New_York,AD-07,IST_SHIFT,4,Y,Y,N,Attempt to reschedule demo within 48h or escalate
L104988,2026-07-07 16:25:00,2026-07-11 18:40:00,98.25,HIGH,America/New_York,AD-10,SEA_SHIFT,4,N,N,N,Attempt to reschedule demo within 48h or escalate
L100385,2026-07-03 14:45:00,2026-07-07 16:54:00,98.15,HIGH,America/New_York,AD-11,SEA_SHIFT,1,Y,Y,Y,Attempt to reschedule demo within 48h or escalate
L103439,2026-07-11 05:06:00,2026-07-15 07:13:00,98.11666666666666,HIGH,Europe/London,AD-05,IST_SHIFT,4,N,N,N,Attempt to reschedule demo within 48h or escalate
L103989,2026-06-08 23:18:00,2026-06-13 00:49:00,97.51666666666667,HIGH,Europe/London,AD-02,US_SHIFT,3,Y,Y,N,Attempt to reschedule demo within 48h or escalate
L102667,2026-07-31 20:38:00,2026-08-04 22:06:00,97.46666666666667,HIGH,Australia/Sydney,AD-09,IST_SHIFT,3,N,N,N,Attempt to reschedule demo within 48h or escalate
L101651,2026-06-12 08:29:00,2026-06-16 09:40:00,97.18333333333334,HIGH,America/New_York,AD-11,SEA_SHIFT,3,Y,Y,N,Attempt to reschedule demo within 48h or escalate
L103663,2026-07-20 13:34:00,2026-07-24 14:43:00,97.15,HIGH,Australia/Sydney,AD-09,IST_SHIFT,5,Y,Y,Y,Attempt to reschedule demo within 48h or escalate
L100992,2026-06-21 01:48:00,2026-06-25 02:53:00,97.08333333333333,HIGH,Asia/Kolkata,AD-02,US_SHIFT,8,N,N,N,Attempt to reschedule demo within 48h or escalate
L100309,2026-07-19 22:48:00,2026-07-23 23:53:00,97.08333333333333,HIGH,Asia/Ho_Chi_Minh,AD-02,US_SHIFT,4,Y,Y,Y,Attempt to reschedule demo within 48h or escalate
L102168,2026-06-27 13:49:00,2026-07-01 14:45:00,96.93333333333334,HIGH,America/New_York,AD-03,US_SHIFT,3,N,N,N,Attempt to reschedule demo within 48h or escalate
L103666,2026-06-14 22:04:00,2026-06-18 22:55:00,96.85,HIGH,Asia/Dubai,AD-07,IST_SHIFT,3,N,N,N,Attempt to reschedule demo within 48h or escalate
L100968,2026-07-29 23:53:00,2026-08-03 00:42:00,96.81666666666666,HIGH,America/New_York,AD-12,US_SHIFT,1,Y,Y,Y,Attempt to reschedule demo within 48h or escalate
L101906,2026-06-14 13:30:00,2026-06-18 14:17:00,96.78333333333333,HIGH,Asia/Dubai,AD-07,IST_SHIFT,0,Y,Y,N,Attempt to reschedule demo within 48h or escalate
L104584,2026-06-22 10:26:00,2026-06-26 11:09:00,96.71666666666667,HIGH,America/New_York,AD-08,IST_SHIFT,0,Y,Y,N,Attempt to reschedule demo within 48h or escalate
L100973,2026-06-30 00:57:00,2026-07-04 01:28:00,96.51666666666667,HIGH,Asia/Singapore,AD-04,US_SHIFT,1,Y,Y,N,Attempt to reschedule demo within 48h or escalate
L100856,2026-07-19 23:31:00,2026-07-23 23:58:00,96.45,HIGH,Asia/Kolkata,AD-05,IST_SHIFT,0,N,N,N,Attempt to reschedule demo within 48h or escalate
L102921,2026-06-28 03:24:00,2026-07-02 03:50:00,96.43333333333334,HIGH,Asia/Riyadh,AD-03,US_SHIFT,4,N,N,N,Attempt to reschedule demo within 48h or escalate
L100451,2026-06-12 07:09:00,2026-06-16 07:31:00,96.36666666666666,HIGH,Asia/Kolkata,AD-12,US_SHIFT,2,N,N,N,Attempt to reschedule demo within 48h or escalate
L100316,2026-06-12 18:48:00,2026-06-16 19:10:00,96.36666666666666,HIGH,Asia/Kolkata,AD-02,US_SHIFT,2,N,N,N,Attempt to reschedule demo within 48h or escalate
L102470,2026-06-01 11:52:00,2026-06-05 12:13:00,96.35,HIGH,America/New_York,AD-05,IST_SHIFT,3,Y,Y,N,Attempt to reschedule demo within 48h or escalate
L100818,2026-06-27 10:08:00,2026-07-01 10:29:00,96.35,HIGH,America/New_York,AD-01,US_SHIFT,1,Y,Y,Y,Attempt to reschedule demo within 48h or escalate
L100668,2026-07-31 07:32:00,2026-08-04 07:48:00,96.26666666666667,HIGH,America/New_York,AD-10,SEA_SHIFT,4,Y,Y,N,Attempt to reschedule demo within 48h or escalate
L102842,2026-06-06 17:42:00,2026-06-10 17:57:00,96.25,HIGH,America/New_York,AD-03,US_SHIFT,1,N,N,N,Attempt to reschedule demo within 48h or escalate
L100580,2026-07-29 02:12:00,2026-08-02 02:18:00,96.1,HIGH,Asia/Kolkata,AD-01,US_SHIFT,3,Y,Y,N,Attempt to reschedule demo within 48h or escalate
L104871,2026-07-13 18:46:00,2026-07-17 18:51:00,96.08333333333333,HIGH,Asia/Kolkata,AD-07,IST_SHIFT,4,N,N,N,Attempt to reschedule demo within 48h or escalate
L100398,2026-07-02 03:13:00,2026-07-06 03:15:00,96.03333333333333,HIGH,Asia/Dubai,AD-01,US_SHIFT,3,N,N,N,Attempt to reschedule demo within 48h or escalate
L104793,2026-06-28 07:52:00,2026-07-02 07:51:00,95.98333333333333,HIGH,America/New_York,AD-03,US_SHIFT,2,Y,Y,N,Attempt to reschedule demo within 48h or escalate
L100297,2026-07-10 20:37:00,2026-07-14 20:29:00,95.86666666666666,HIGH,Australia/Sydney,AD-06,IST_SHIFT,3,Y,Y,N,Attempt to reschedule demo within 48h or escalate
L103423,2026-06-28 03:27:00,2026-07-02 03:14:00,95.78333333333333,HIGH,Asia/Kolkata,AD-03,US_SHIFT,0,N,N,N,Attempt to reschedule demo within 48h or escalate
L100916,2026-07-24 10:06:00,2026-07-28 09:52:00,95.76666666666667,HIGH,America/New_York,AD-11,SEA_SHIFT,3,Y,Y,Y,Attempt to reschedule demo within 48h or escalate
L101308,2026-07-07 12:11:00,2026-07-11 11:50:00,95.65,HIGH,America/New_York,AD-06,IST_SHIFT,0,Y,Y,Y,Attempt to reschedule demo within 48h or escalate
L102408,2026-07-28 18:34:00,2026-08-01 18:12:00,95.63333333333334,HIGH,Asia/Ho_Chi_Minh,AD-06,IST_SHIFT,4,Y,N,N,Attempt to reschedule demo within 48h or escalate
L104232,2026-06-27 22:56:00,2026-07-01 22:31:00,95.58333333333333,HIGH,Asia/Ho_Chi_Minh,AD-01,US_SHIFT,1,Y,Y,Y,Attempt to reschedule demo within 48h or escalate
L102050,2026-06-05 19:11:00,2026-06-09 18:42:00,95.51666666666667,HIGH,America/New_York,AD-10,SEA_SHIFT,3,N,N,N,Attempt to reschedule demo within 48h or escalate
L103040,2026-06-19 14:28:00,2026-06-23 13:54:00,95.43333333333334,HIGH,America/New_York,AD-02,US_SHIFT,3,N,N,N,Attempt to reschedule demo within 48h or escalate
L101297,2026-07-29 04:25:00,2026-08-02 03:50:00,95.41666666666667,HIGH,America/New_York,AD-03,US_SHIFT,4,Y,Y,N,Attempt to reschedule demo within 48h or escalate
L101916,2026-07-24 20:13:00,2026-07-28 19:36:00,95.38333333333334,HIGH,Australia/Sydney,AD-06,IST_SHIFT,4,N,N,N,Attempt to reschedule demo within 48h or escalate
L103848,2026-06-27 17:17:00,2026-07-01 16:30:00,95.21666666666667,HIGH,Australia/Sydney,AD-03,US_SHIFT,2,N,N,N,Attempt to reschedule demo within 48h or escalate
L101216,2026-07-28 07:17:00,2026-08-01 06:22:00,95.08333333333333,HIGH,Europe/London,AD-07,IST_SHIFT,3,Y,Y,Y,Attempt to reschedule demo within 48h or escalate
L102880,2026-07-21 06:39:00,2026-07-25 05:36:00,94.95,HIGH,Asia/Kolkata,AD-07,IST_SHIFT,3,Y,Y,N,Attempt to reschedule demo within 48h or escalate
L100437,2026-07-17 23:48:00,2026-07-21 22:44:00,94.93333333333334,HIGH,Asia/Dubai,AD-02,US_SHIFT,2,N,N,N,Attempt to reschedule demo within 48h or escalate
L100687,2026-07-17 22:06:00,2026-07-21 21:01:00,94.91666666666667,HIGH,Asia/Riyadh,AD-10,SEA_SHIFT,3,N,N,N,Attempt to reschedule demo within 48h or escalate
L104521,2026-07-27 22:36:00,2026-07-31 21:29:00,94.88333333333334,HIGH,Asia/Ho_Chi_Minh,AD-08,IST_SHIFT,4,Y,Y,N,Attempt to reschedule demo within 48h or escalate
L102026,2026-07-08 22:06:00,2026-07-12 20:48:00,94.7,HIGH,America/New_York,AD-05,IST_SHIFT,1,Y,Y,Y,Attempt to reschedule demo within 48h or escalate
L104349,2026-07-02 15:26:00,2026-07-06 14:08:00,94.7,HIGH,Europe/London,AD-04,US_SHIFT,5,N,N,N,Attempt to reschedule demo within 48h or escalate
L103235,2026-06-25 02:15:00,2026-06-29 00:53:00,94.63333333333334,HIGH,Europe/London,AD-05,IST_SHIFT,6,N,N,N,Attempt to reschedule demo within 48h or escalate
L100129,2026-06-10 09:35:00,2026-06-14 08:11:00,94.6,HIGH,America/New_York,AD-04,US_SHIFT,0,N,N,N,Attempt to reschedule demo within 48h or escalate
L102729,2026-07-22 02:24:00,2026-07-26 00:58:00,94.56666666666666,HIGH,Europe/London,AD-08,IST_SHIFT,0,N,N,N,Attempt to reschedule demo within 48h or escalate
L101161,2026-06-08 12:33:00,2026-06-12 11:07:00,94.56666666666666,HIGH,Asia/Kolkata,AD-08,IST_SHIFT,5,Y,Y,N,Attempt to reschedule demo within 48h or escalate
L101037,2026-07-12 14:59:00,2026-07-16 13:31:00,94.53333333333333,HIGH,Europe/London,AD-06,IST_SHIFT,3,N,N,N,Attempt to reschedule demo within 48h or escalate
L104736,2026-06-24 11:12:00,2026-06-28 09:40:00,94.46666666666667,HIGH,Asia/Singapore,AD-04,US_SHIFT,2,N,N,N,Attempt to reschedule demo within 48h or escalate
L103826,2026-07-20 08:44:00,2026-07-24 07:10:00,94.43333333333334,HIGH,Asia/Riyadh,AD-05,IST_SHIFT,3,Y,Y,Y,Attempt to reschedule demo within 48h or escalate
L100355,2026-06-16 23:46:00,2026-06-20 22:06:00,94.33333333333333,HIGH,Europe/London,AD-05,IST_SHIFT,1,N,N,N,Attempt to reschedule demo within 48h or escalate
L102600,2026-07-04 02:32:00,2026-07-08 00:51:00,94.31666666666666,HIGH,Asia/Riyadh,AD-03,US_SHIFT,3,N,N,N,Attempt to reschedule demo within 48h or escalate
L100407,2026-07-13 02:55:00,2026-07-17 01:03:00,94.13333333333334,HIGH,America/New_York,AD-11,SEA_SHIFT,1,Y,Y,N,Attempt to reschedule demo within 48h or escalate
L103669,2026-07-10 19:25:00,2026-07-14 17:32:00,94.11666666666666,HIGH,America/New_York,AD-02,US_SHIFT,1,N,N,N,Attempt to reschedule demo within 48h or escalate
L101827,2026-06-12 07:18:00,2026-06-16 05:22:00,94.06666666666666,HIGH,Asia/Dubai,AD-09,IST_SHIFT,0,Y,Y,Y,Attempt to reschedule demo within 48h or escalate
L103815,2026-06-03 02:24:00,2026-06-07 00:26:00,94.03333333333333,HIGH,Asia/Kolkata,AD-09,IST_SHIFT,4,N,N,N,Attempt to reschedule demo within 48h or escalate
L102072,2026-06-24 04:10:00,2026-06-28 02:06:00,93.93333333333334,HIGH,America/New_York,AD-06,IST_SHIFT,4,N,N,N,Attempt to reschedule demo within 48h or escalate
L104472,2026-07-02 12:33:00,2026-07-06 10:22:00,93.81666666666666,HIGH,Asia/Kolkata,AD-10,SEA_SHIFT,5,Y,Y,Y,Attempt to reschedule demo within 48h or escalate
L102235,2026-06-09 14:59:00,2026-06-13 12:48:00,93.81666666666666,HIGH,Asia/Dubai,AD-07,IST_SHIFT,1,N,N,N,Attempt to reschedule demo within 48h or escalate
L100548,2026-07-25 03:17:00,2026-07-29 00:58:00,93.68333333333334,HIGH,Asia/Ho_Chi_Minh,AD-07,IST_SHIFT,2,Y,Y,N,Attempt to reschedule demo within 48h or escalate
L103034,2026-07-10 19:47:00,2026-07-14 17:24:00,93.61666666666666,HIGH,Asia/Ho_Chi_Minh,AD-12,US_SHIFT,2,N,N,N,Attempt to reschedule demo within 48h or escalate
L101980,2026-06-04 23:56:00,2026-06-08 21:31:00,93.58333333333333,HIGH,Asia/Dubai,AD-02,US_SHIFT,2,N,N,N,Attempt to reschedule demo within 48h or escalate
L103444,2026-06-11 01:55:00,2026-06-14 23:24:00,93.48333333333333,HIGH,America/New_York,AD-08,IST_SHIFT,3,Y,Y,N,Attempt to reschedule demo within 48h or escalate
L103463,2026-06-24 06:19:00,2026-06-28 03:47:00,93.46666666666667,HIGH,Asia/Kolkata,AD-01,US_SHIFT,1,N,N,N,Attempt to reschedule demo within 48h or escalate
L102397,2026-06-25 17:02:00,2026-06-29 14:23:00,93.35,HIGH,America/New_York,AD-05,IST_SHIFT,2,Y,Y,N,Attempt to reschedule demo within 48h or escalate
L103793,2026-06-08 18:08:00,2026-06-12 15:29:00,93.35,HIGH,America/New_York,AD-03,US_SHIFT,2,Y,Y,Y,Attempt to reschedule demo within 48h or escalate
L101890,2026-06-25 03:26:00,2026-06-29 00:29:00,93.05,HIGH,America/New_York,AD-01,US_SHIFT,2,N,N,N,Attempt to reschedule demo within 48h or escalate
L101024,2026-06-27 18:54:00,2026-07-01 15:57:00,93.05,HIGH,Asia/Riyadh,AD-06,IST_SHIFT,3,Y,Y,N,Attempt to reschedule demo within 48h or escalate
L101372,2026-06-25 11:36:00,2026-06-29 08:35:00,92.98333333333333,HIGH,Asia/Dubai,AD-02,US_SHIFT,3,Y,Y,N,Attempt to reschedule demo within 48h or escalate
L101419,2026-06-28 11:46:00,2026-07-02 08:39:00,92.88333333333334,HIGH,Asia/Ho_Chi_Minh,AD-07,IST_SHIFT,8,Y,Y,N,Attempt to reschedule demo within 48h or escalate
L102049,2026-06-17 23:00:00,2026-06-21 19:46:00,92.76666666666667,HIGH,Asia/Ho_Chi_Minh,AD-01,US_SHIFT,2,N,N,N,Attempt to reschedule demo within 48h or escalate
L103864,2026-06-30 05:52:00,2026-07-04 02:37:00,92.75,HIGH,Asia/Kolkata,AD-07,IST_SHIFT,1,N,N,N,Attempt to reschedule demo within 48h or escalate
L102230,2026-07-07 15:56:00,2026-07-11 12:33:00,92.61666666666666,HIGH,America/New_York,AD-06,IST_SHIFT,6,N,N,N,Attempt to reschedule demo within 48h or escalate
L103517,2026-07-20 01:19:00,2026-07-23 21:56:00,92.61666666666666,HIGH,Asia/Ho_Chi_Minh,AD-08,IST_SHIFT,3,Y,Y,N,Attempt to reschedule demo within 48h or escalate
L104982,2026-07-21 11:45:00,2026-07-25 08:17:00,92.53333333333333,HIGH,Asia/Riyadh,AD-01,US_SHIFT,1,N,N,N,Attempt to reschedule demo within 48h or escalate
L103349,2026-07-07 08:09:00,2026-07-11 04:31:00,92.36666666666666,HIGH,Europe/London,AD-07,IST_SHIFT,3,N,N,N,Attempt to reschedule demo within 48h or escalate
L100025,2026-07-05 09:38:00,2026-07-09 05:56:00,92.3,HIGH,America/New_York,AD-03,US_SHIFT,1,Y,Y,Y,Attempt to reschedule demo within 48h or escalate
L102274,2026-06-22 15:08:00,2026-06-26 11:20:00,92.2,HIGH,Asia/Ho_Chi_Minh,AD-06,IST_SHIFT,4,Y,Y,N,Attempt to reschedule demo within 48h or escalate
L104382,2026-06-01 17:58:00,2026-06-05 14:04:00,92.1,HIGH,Asia/Ho_Chi_Minh,AD-02,US_SHIFT,1,Y,Y,N,Attempt to reschedule demo within 48h or escalate
L101408,2026-07-19 16:40:00,2026-07-23 12:46:00,92.1,HIGH,Asia/Kolkata,AD-11,SEA_SHIFT,5,Y,Y,N,Attempt to reschedule demo within 48h or escalate
L101273,2026-07-07 13:07:00,2026-07-11 09:11:00,92.06666666666666,HIGH,Europe/London,AD-06,IST_SHIFT,3,Y,Y,N,Attempt to reschedule demo within 48h or escalate
L102716,2026-07-30 18:51:00,2026-08-03 14:54:00,92.05,HIGH,America/New_York,AD-03,US_SHIFT,2,Y,Y,N,Attempt to reschedule demo within 48h or escalate
L104420,2026-06-11 21:23:00,2026-06-15 17:25:00,92.03333333333333,HIGH,America/New_York,AD-05,IST_SHIFT,2,N,N,N,Attempt to reschedule demo within 48h or escalate
L100132,2026-06-19 15:01:00,2026-06-23 10:57:00,91.93333333333334,HIGH,Asia/Dubai,AD-06,IST_SHIFT,0,N,N,N,Attempt to reschedule demo within 48h or escalate
L101108,2026-07-04 15:54:00,2026-07-08 11:47:00,91.88333333333334,HIGH,Asia/Riyadh,AD-12,US_SHIFT,1,Y,Y,Y,Attempt to reschedule demo within 48h or escalate
L104378,2026-07-02 02:39:00,2026-07-05 22:31:00,91.86666666666666,HIGH,Europe/London,AD-07,IST_SHIFT,1,Y,Y,N,Attempt to reschedule demo within 48h or escalate
L100658,2026-06-05 04:45:00,2026-06-09 00:34:00,91.81666666666666,HIGH,Europe/London,AD-11,SEA_SHIFT,0,N,N,N,Attempt to reschedule demo within 48h or escalate
L101849,2026-07-30 10:24:00,2026-08-03 06:12:00,91.8,HIGH,America/New_York,AD-06,IST_SHIFT,5,N,N,N,Attempt to reschedule demo within 48h or escalate
L100490,2026-07-05 01:56:00,2026-07-08 21:41:00,91.75,HIGH,Asia/Singapore,AD-10,SEA_SHIFT,2,Y,Y,N,Attempt to reschedule demo within 48h or escalate
L103325,2026-07-01 13:16:00,2026-07-05 08:56:00,91.66666666666667,HIGH,America/New_York,AD-03,US_SHIFT,0,N,N,N,Attempt to reschedule demo within 48h or escalate
L101215,2026-06-10 14:23:00,2026-06-14 10:02:00,91.65,HIGH,Asia/Ho_Chi_Minh,AD-05,IST_SHIFT,3,Y,Y,N,Attempt to reschedule demo within 48h or escalate
L102803,2026-07-18 20:25:00,2026-07-22 15:59:00,91.56666666666666,HIGH,Asia/Ho_Chi_Minh,AD-05,IST_SHIFT,1,N,N,N,Attempt to reschedule demo within 48h or escalate
L103883,2026-06-22 05:12:00,2026-06-26 00:46:00,91.56666666666666,HIGH,Europe/London,AD-02,US_SHIFT,6,N,N,N,Attempt to reschedule demo within 48h or escalate
L101232,2026-06-26 11:53:00,2026-06-30 07:25:00,91.53333333333333,HIGH,Asia/Kolkata,AD-07,IST_SHIFT,4,N,N,N,Attempt to reschedule demo within 48h or escalate
L103293,2026-07-15 19:28:00,2026-07-19 14:56:00,91.46666666666667,HIGH,America/New_York,AD-10,SEA_SHIFT,2,N,N,N,Attempt to reschedule demo within 48h or escalate
L102432,2026-07-17 10:03:00,2026-07-21 05:30:00,91.45,HIGH,America/New_York,AD-05,IST_SHIFT,3,N,N,N,Attempt to reschedule demo within 48h or escalate
L102206,2026-07-26 18:30:00,2026-07-30 13:54:00,91.4,HIGH,America/New_York,AD-12,US_SHIFT,6,Y,N,N,Attempt to reschedule demo within 48h or escalate
L103539,2026-06-30 10:12:00,2026-07-04 05:36:00,91.4,HIGH,America/New_York,AD-06,IST_SHIFT,5,N,N,N,Attempt to reschedule demo within 48h or escalate
L103342,2026-07-27 13:07:00,2026-07-31 08:25:00,91.3,HIGH,Asia/Kolkata,AD-09,IST_SHIFT,1,N,N,N,Attempt to reschedule demo within 48h or escalate
L101171,2026-07-13 15:28:00,2026-07-17 10:43:00,91.25,HIGH,Europe/London,AD-08,IST_SHIFT,4,Y,Y,N,Attempt to reschedule demo within 48h or escalate
L101221,2026-07-01 16:19:00,2026-07-05 11:32:00,91.21666666666667,HIGH,Asia/Kolkata,AD-09,IST_SHIFT,2,Y,Y,N,Attempt to reschedule demo within 48h or escalate
L102139,2026-06-27 02:35:00,2026-06-30 21:43:00,91.13333333333334,HIGH,Asia/Riyadh,AD-09,IST_SHIFT,3,Y,N,N,Attempt to reschedule demo within 48h or escalate
L100146,2026-06-27 08:52:00,2026-07-01 03:57:00,91.08333333333333,HIGH,Asia/Kolkata,AD-12,US_SHIFT,2,N,N,N,Attempt to reschedule demo within 48h or escalate
L100599,2026-06-30 12:38:00,2026-07-04 07:42:00,91.06666666666666,HIGH,Asia/Riyadh,AD-04,US_SHIFT,2,N,N,N,Attempt to reschedule demo within 48h or escalate
L101254,2026-07-04 12:21:00,2026-07-08 07:17:00,90.93333333333334,HIGH,America/New_York,AD-02,US_SHIFT,1,Y,Y,Y,Attempt to reschedule demo within 48h or escalate
L102265,2026-06-26 15:12:00,2026-06-30 10:05:00,90.88333333333334,HIGH,America/New_York,AD-08,IST_SHIFT,1,N,N,N,Attempt to reschedule demo within 48h or escalate
L100274,2026-07-24 19:47:00,2026-07-28 14:36:00,90.81666666666666,HIGH,Europe/London,AD-07,IST_SHIFT,2,Y,Y,N,Attempt to reschedule demo within 48h or escalate
L103182,2026-07-30 02:48:00,2026-08-02 21:29:00,90.68333333333334,HIGH,America/New_York,AD-02,US_SHIFT,3,Y,Y,N,Attempt to reschedule demo within 48h or escalate
L101864,2026-07-16 02:59:00,2026-07-19 21:38:00,90.65,HIGH,America/New_York,AD-12,US_SHIFT,3,Y,Y,N,Attempt to reschedule demo within 48h or escalate
L103390,2026-07-21 01:35:00,2026-07-24 20:13:00,90.63333333333334,HIGH,Asia/Kolkata,AD-08,IST_SHIFT,3,N,N,N,Attempt to reschedule demo within 48h or escalate
L103811,2026-07-27 19:48:00,2026-07-31 14:19:00,90.51666666666667,HIGH,America/New_York,AD-01,US_SHIFT,4,N,N,N,Attempt to reschedule demo within 48h or escalate
L102182,2026-06-11 23:17:00,2026-06-15 17:48:00,90.51666666666667,HIGH,America/New_York,AD-01,US_SHIFT,2,N,N,N,Attempt to reschedule demo within 48h or escalate
L100462,2026-06-18 09:54:00,2026-06-22 04:19:00,90.41666666666667,HIGH,America/New_York,AD-01,US_SHIFT,4,Y,Y,N,Attempt to reschedule demo within 48h or escalate
L104112,2026-06-12 14:29:00,2026-06-16 08:53:00,90.4,HIGH,Asia/Kolkata,AD-01,US_SHIFT,4,N,N,N,Attempt to reschedule demo within 48h or escalate
L101066,2026-07-26 23:39:00,2026-07-30 18:03:00,90.4,HIGH,America/New_York,AD-02,US_SHIFT,2,Y,Y,Y,Attempt to reschedule demo within 48h or escalate
L104845,2026-07-14 04:38:00,2026-07-17 22:52:00,90.23333333333333,HIGH,Asia/Kolkata,AD-03,US_SHIFT,2,Y,Y,Y,Attempt to reschedule demo within 48h or escalate
L103642,2026-07-25 01:50:00,2026-07-28 20:04:00,90.23333333333333,HIGH,Asia/Ho_Chi_Minh,AD-12,US_SHIFT,3,N,N,N,Attempt to reschedule demo within 48h or escalate
L104757,2026-06-13 01:30:00,2026-06-16 19:43:00,90.21666666666667,HIGH,Asia/Kolkata,AD-03,US_SHIFT,1,Y,Y,Y,Attempt to reschedule demo within 48h or escalate
L104464,2026-07-14 16:53:00,2026-07-18 11:05:00,90.2,HIGH,America/New_York,AD-02,US_SHIFT,4,Y,N,N,Attempt to reschedule demo within 48h or escalate
L103873,2026-07-06 23:12:00,2026-07-10 17:21:00,90.15,HIGH,America/New_York,AD-05,IST_SHIFT,2,N,N,N,Attempt to reschedule demo within 48h or escalate
L104395,2026-06-23 19:24:00,2026-06-27 13:30:00,90.1,HIGH,Asia/Ho_Chi_Minh,AD-10,SEA_SHIFT,2,N,N,N,Attempt to reschedule demo within 48h or escalate
L100300,2026-06-04 18:56:00,2026-06-08 12:54:00,89.96666666666667,HIGH,Asia/Ho_Chi_Minh,AD-02,US_SHIFT,3,N,N,N,Attempt to reschedule demo within 48h or escalate
L104824,2026-07-01 12:34:00,2026-07-05 06:32:00,89.96666666666667,HIGH,America/New_York,AD-12,US_SHIFT,1,Y,Y,N,Attempt to reschedule demo within 48h or escalate
L104031,2026-06-07 13:58:00,2026-06-11 07:40:00,89.7,HIGH,Australia/Sydney,AD-10,SEA_SHIFT,3,N,N,N,Attempt to reschedule demo within 48h or escalate
L104469,2026-07-08 22:36:00,2026-07-12 16:17:00,89.68333333333334,HIGH,Australia/Sydney,AD-11,SEA_SHIFT,4,Y,Y,N,Attempt to reschedule demo within 48h or escalate
L102607,2026-06-13 04:19:00,2026-06-16 21:59:00,89.66666666666667,HIGH,Europe/London,AD-07,IST_SHIFT,1,Y,Y,N,Attempt to reschedule demo within 48h or escalate
L103229,2026-06-18 02:05:00,2026-06-21 19:18:00,89.21666666666667,HIGH,Europe/London,AD-07,IST_SHIFT,1,N,N,N,Attempt to reschedule demo within 48h or escalate
L103615,2026-07-13 14:51:00,2026-07-17 07:59:00,89.13333333333334,HIGH,America/New_York,AD-01,US_SHIFT,3,Y,Y,Y,Attempt to reschedule demo within 48h or escalate
L102243,2026-07-13 08:24:00,2026-07-17 01:31:00,89.11666666666666,HIGH,America/New_York,AD-06,IST_SHIFT,2,Y,N,N,Attempt to reschedule demo within 48h or escalate
L100174,2026-07-04 21:48:00,2026-07-08 14:54:00,89.1,HIGH,Asia/Riyadh,AD-07,IST_SHIFT,4,Y,Y,N,Attempt to reschedule demo within 48h or escalate
L101413,2026-06-26 02:35:00,2026-06-29 19:39:00,89.06666666666666,HIGH,Asia/Riyadh,AD-07,IST_SHIFT,1,Y,Y,Y,Attempt to reschedule demo within 48h or escalate
L103053,2026-07-11 10:30:00,2026-07-15 03:25:00,88.91666666666667,HIGH,America/New_York,AD-04,US_SHIFT,3,Y,Y,N,Attempt to reschedule demo within 48h or escalate
L103173,2026-06-04 19:25:00,2026-06-08 12:15:00,88.83333333333333,HIGH,Asia/Kolkata,AD-05,IST_SHIFT,2,Y,Y,Y,Attempt to reschedule demo within 48h or escalate
L101552,2026-06-04 23:12:00,2026-06-08 16:00:00,88.8,HIGH,Asia/Kolkata,AD-02,US_SHIFT,2,N,N,N,Attempt to reschedule demo within 48h or escalate
L102449,2026-06-14 22:11:00,2026-06-18 14:54:00,88.71666666666667,HIGH,America/New_York,AD-10,SEA_SHIFT,1,Y,Y,N,Attempt to reschedule demo within 48h or escalate
L103563,2026-06-16 05:13:00,2026-06-19 21:51:00,88.63333333333334,HIGH,Asia/Riyadh,AD-05,IST_SHIFT,5,Y,Y,Y,Attempt to reschedule demo within 48h or escalate
L100544,2026-07-19 06:27:00,2026-07-22 23:01:00,88.56666666666666,HIGH,Asia/Singapore,AD-07,IST_SHIFT,3,Y,Y,N,Attempt to reschedule demo within 48h or escalate
L102252,2026-06-26 18:42:00,2026-06-30 11:15:00,88.55,HIGH,Asia/Riyadh,AD-01,US_SHIFT,2,Y,Y,N,Attempt to reschedule demo within 48h or escalate
L102469,2026-06-28 21:07:00,2026-07-02 13:39:00,88.53333333333333,HIGH,America/New_York,AD-10,SEA_SHIFT,2,N,N,N,Attempt to reschedule demo within 48h or escalate
L101574,2026-06-11 08:10:00,2026-06-15 00:38:00,88.46666666666667,HIGH,America/New_York,AD-03,US_SHIFT,5,Y,Y,Y,Attempt to reschedule demo within 48h or escalate
L103764,2026-07-27 20:29:00,2026-07-31 12:57:00,88.46666666666667,HIGH,Asia/Ho_Chi_Minh,AD-01,US_SHIFT,0,N,N,N,Attempt to reschedule demo within 48h or escalate
L104712,2026-07-26 00:24:00,2026-07-29 16:49:00,88.41666666666667,HIGH,Australia/Sydney,AD-04,US_SHIFT,4,N,N,N,Attempt to reschedule demo within 48h or escalate
L100219,2026-06-08 03:27:00,2026-06-11 19:49:00,88.36666666666666,HIGH,America/New_York,AD-12,US_SHIFT,2,N,N,N,Attempt to reschedule demo within 48h or escalate
L102017,2026-06-22 07:21:00,2026-06-25 23:38:00,88.28333333333333,HIGH,America/New_York,AD-09,IST_SHIFT,4,Y,Y,N,Attempt to reschedule demo within 48h or escalate
L104891,2026-06-10 08:27:00,2026-06-14 00:42:00,88.25,HIGH,America/New_York,AD-07,IST_SHIFT,2,N,N,N,Attempt to reschedule demo within 48h or escalate
L104782,2026-06-21 18:14:00,2026-06-25 10:25:00,88.18333333333334,HIGH,Asia/Kolkata,AD-11,SEA_SHIFT,2,Y,Y,N,Attempt to reschedule demo within 48h or escalate
L102254,2026-06-29 17:53:00,2026-07-03 09:58:00,88.08333333333333,HIGH,America/New_York,AD-08,IST_SHIFT,1,N,N,N,Attempt to reschedule demo within 48h or escalate
L101937,2026-07-26 21:15:00,2026-07-30 13:11:00,87.93333333333334,HIGH,Asia/Ho_Chi_Minh,AD-08,IST_SHIFT,1,Y,N,N,Attempt to reschedule demo within 48h or escalate
L102879,2026-07-24 05:48:00,2026-07-27 21:38:00,87.83333333333333,HIGH,Europe/London,AD-10,SEA_SHIFT,6,Y,Y,Y,Attempt to reschedule demo within 48h or escalate
L102859,2026-07-15 02:27:00,2026-07-18 18:16:00,87.81666666666666,HIGH,Europe/London,AD-02,US_SHIFT,5,Y,Y,N,Attempt to reschedule demo within 48h or escalate
L101457,2026-06-07 13:02:00,2026-06-11 04:48:00,87.76666666666667,HIGH,Asia/Kolkata,AD-04,US_SHIFT,0,Y,Y,N,Attempt to reschedule demo within 48h or escalate
L104197,2026-07-14 11:21:00,2026-07-18 03:07:00,87.76666666666667,HIGH,Asia/Singapore,AD-04,US_SHIFT,2,Y,Y,N,Attempt to reschedule demo within 48h or escalate
L103673,2026-06-26 14:45:00,2026-06-30 06:31:00,87.76666666666667,HIGH,Asia/Riyadh,AD-10,SEA_SHIFT,4,Y,N,N,Attempt to reschedule demo within 48h or escalate
L101774,2026-07-03 08:54:00,2026-07-07 00:38:00,87.73333333333333,HIGH,Asia/Ho_Chi_Minh,AD-06,IST_SHIFT,2,N,N,N,Attempt to reschedule demo within 48h or escalate
L102321,2026-07-02 02:43:00,2026-07-05 18:17:00,87.56666666666666,HIGH,Asia/Singapore,AD-03,US_SHIFT,1,Y,Y,N,Attempt to reschedule demo within 48h or escalate
L100001,2026-07-09 05:05:00,2026-07-12 20:39:00,87.56666666666666,HIGH,Europe/London,AD-08,IST_SHIFT,4,Y,Y,Y,Attempt to reschedule demo within 48h or escalate
L104098,2026-06-20 01:28:00,2026-06-23 17:01:00,87.55,HIGH,America/New_York,AD-04,US_SHIFT,3,Y,N,N,Attempt to reschedule demo within 48h or escalate
L102834,2026-06-19 16:50:00,2026-06-23 08:23:00,87.55,HIGH,Asia/Kolkata,AD-02,US_SHIFT,3,N,N,N,Attempt to reschedule demo within 48h or escalate
L101640,2026-07-17 16:51:00,2026-07-21 08:14:00,87.38333333333334,HIGH,Europe/London,AD-11,SEA_SHIFT,2,N,N,N,Attempt to reschedule demo within 48h or escalate
L104571,2026-06-18 00:02:00,2026-06-21 15:21:00,87.31666666666666,HIGH,America/New_York,AD-11,SEA_SHIFT,2,N,N,N,Attempt to reschedule demo within 48h or escalate
L104155,2026-06-03 04:52:00,2026-06-06 20:07:00,87.25,HIGH,America/New_York,AD-08,IST_SHIFT,2,Y,Y,Y,Attempt to reschedule demo within 48h or escalate
L101177,2026-06-28 13:50:00,2026-07-02 05:03:00,87.21666666666667,HIGH,America/New_York,AD-06,IST_SHIFT,3,Y,Y,N,Attempt to reschedule demo within 48h or escalate
L100711,2026-06-29 16:10:00,2026-07-03 07:23:00,87.21666666666667,HIGH,Europe/London,AD-10,SEA_SHIFT,2,N,N,N,Attempt to reschedule demo within 48h or escalate
L104672,2026-06-12 03:49:00,2026-06-15 18:52:00,87.05,HIGH,Asia/Dubai,AD-10,SEA_SHIFT,2,Y,N,N,Attempt to reschedule demo within 48h or escalate
L104901,2026-07-26 07:43:00,2026-07-29 22:41:00,86.96666666666667,HIGH,Asia/Ho_Chi_Minh,AD-04,US_SHIFT,3,N,N,N,Attempt to reschedule demo within 48h or escalate
L101622,2026-06-06 22:30:00,2026-06-10 13:25:00,86.91666666666667,HIGH,Europe/London,AD-12,US_SHIFT,3,Y,Y,N,Attempt to reschedule demo within 48h or escalate
L103230,2026-06-19 20:39:00,2026-06-23 11:31:00,86.86666666666666,HIGH,Europe/London,AD-06,IST_SHIFT,4,N,N,N,Attempt to reschedule demo within 48h or escalate
L104069,2026-07-14 21:18:00,2026-07-18 11:58:00,86.66666666666667,HIGH,America/New_York,AD-09,IST_SHIFT,6,N,N,N,Attempt to reschedule demo within 48h or escalate
L101842,2026-07-22 16:43:00,2026-07-26 07:22:00,86.65,HIGH,Asia/Kolkata,AD-03,US_SHIFT,4,N,N,N,Attempt to reschedule demo within 48h or escalate
L101131,2026-06-27 00:24:00,2026-06-30 14:55:00,86.51666666666667,HIGH,Europe/London,AD-03,US_SHIFT,2,Y,Y,N,Attempt to reschedule demo within 48h or escalate
L102203,2026-07-31 12:41:00,2026-08-04 03:11:00,86.5,HIGH,Asia/Riyadh,AD-02,US_SHIFT,3,Y,Y,N,Attempt to reschedule demo within 48h or escalate
L104246,2026-06-07 03:23:00,2026-06-10 17:49:00,86.43333333333334,HIGH,Asia/Ho_Chi_Minh,AD-07,IST_SHIFT,4,N,N,N,Attempt to reschedule demo within 48h or escalate
L103694,2026-07-20 15:12:00,2026-07-24 05:37:00,86.41666666666667,HIGH,Asia/Ho_Chi_Minh,AD-04,US_SHIFT,2,Y,Y,N,Attempt to reschedule demo within 48h or escalate
L102331,2026-07-24 02:18:00,2026-07-27 16:39:00,86.35,HIGH,America/New_York,AD-10,SEA_SHIFT,1,N,N,N,Attempt to reschedule demo within 48h or escalate
L100301,2026-06-19 23:16:00,2026-06-23 13:34:00,86.3,HIGH,America/New_York,AD-02,US_SHIFT,1,N,N,N,Attempt to reschedule demo within 48h or escalate
L101211,2026-06-13 14:35:00,2026-06-17 04:39:00,86.06666666666666,HIGH,Asia/Dubai,AD-01,US_SHIFT,6,N,N,N,Attempt to reschedule demo within 48h or escalate
L103255,2026-06-19 22:20:00,2026-06-23 12:11:00,85.85,HIGH,Europe/London,AD-04,US_SHIFT,3,Y,Y,N,Attempt to reschedule demo within 48h or escalate
L101325,2026-06-23 11:17:00,2026-06-27 01:07:00,85.83333333333333,HIGH,America/New_York,AD-04,US_SHIFT,2,N,N,N,Attempt to reschedule demo within 48h or escalate
L101133,2026-07-16 05:40:00,2026-07-19 19:29:00,85.81666666666666,HIGH,America/New_York,AD-07,IST_SHIFT,2,Y,Y,N,Attempt to reschedule demo within 48h or escalate
L104964,2026-06-15 05:39:00,2026-06-18 19:24:00,85.75,HIGH,Europe/London,AD-02,US_SHIFT,2,N,N,N,Attempt to reschedule demo within 48h or escalate
L103384,2026-07-09 21:08:00,2026-07-13 10:49:00,85.68333333333334,HIGH,Asia/Ho_Chi_Minh,AD-04,US_SHIFT,0,N,N,N,Attempt to reschedule demo within 48h or escalate
L103381,2026-07-31 14:10:00,2026-08-04 03:46:00,85.6,HIGH,America/New_York,AD-10,SEA_SHIFT,5,Y,Y,Y,Attempt to reschedule demo within 48h or escalate
L102065,2026-07-13 13:45:00,2026-07-17 03:16:00,85.51666666666667,HIGH,Asia/Ho_Chi_Minh,AD-01,US_SHIFT,5,Y,N,N,Attempt to reschedule demo within 48h or escalate
L101121,2026-07-10 09:14:00,2026-07-13 22:44:00,85.5,HIGH,America/New_York,AD-12,US_SHIFT,0,Y,Y,Y,Attempt to reschedule demo within 48h or escalate
L103794,2026-07-18 01:26:00,2026-07-21 14:55:00,85.48333333333333,HIGH,Asia/Ho_Chi_Minh,AD-08,IST_SHIFT,0,Y,Y,N,Attempt to reschedule demo within 48h or escalate
L101073,2026-06-08 02:11:00,2026-06-11 15:27:00,85.26666666666667,HIGH,Asia/Dubai,AD-01,US_SHIFT,1,Y,N,N,Attempt to reschedule demo within 48h or escalate
L104950,2026-07-18 14:03:00,2026-07-22 03:13:00,85.16666666666667,HIGH,Asia/Ho_Chi_Minh,AD-05,IST_SHIFT,2,N,N,N,Attempt to reschedule demo within 48h or escalate
L103850,2026-06-30 09:27:00,2026-07-03 22:36:00,85.15,HIGH,Asia/Singapore,AD-10,SEA_SHIFT,2,Y,N,N,Attempt to reschedule demo within 48h or escalate
L102967,2026-07-19 05:44:00,2026-07-22 18:45:00,85.01666666666667,HIGH,America/New_York,AD-05,IST_SHIFT,2,Y,Y,N,Attempt to reschedule demo within 48h or escalate
L100767,2026-06-29 03:02:00,2026-07-02 15:58:00,84.93333333333334,HIGH,Asia/Singapore,AD-03,US_SHIFT,1,Y,Y,N,Attempt to reschedule demo within 48h or escalate
L102942,2026-06-26 05:46:00,2026-06-29 18:31:00,84.75,HIGH,America/New_York,AD-10,SEA_SHIFT,2,Y,Y,N,Attempt to reschedule demo within 48h or escalate
L101304,2026-06-04 07:33:00,2026-06-07 20:17:00,84.73333333333333,HIGH,Asia/Ho_Chi_Minh,AD-03,US_SHIFT,0,N,N,N,Attempt to reschedule demo within 48h or escalate
L102398,2026-06-17 09:46:00,2026-06-20 22:14:00,84.46666666666667,HIGH,Asia/Riyadh,AD-06,IST_SHIFT,3,N,N,N,Attempt to reschedule demo within 48h or escalate
L100241,2026-07-17 03:14:00,2026-07-20 15:35:00,84.35,HIGH,Asia/Ho_Chi_Minh,AD-03,US_SHIFT,4,Y,Y,N,Attempt to reschedule demo within 48h or escalate
L104667,2026-07-16 23:44:00,2026-07-20 12:01:00,84.28333333333333,HIGH,America/New_York,AD-03,US_SHIFT,2,N,N,N,Attempt to reschedule demo within 48h or escalate
L102028,2026-06-17 03:51:00,2026-06-20 16:02:00,84.18333333333334,HIGH,Australia/Sydney,AD-04,US_SHIFT,1,N,N,N,Attempt to reschedule demo within 48h or escalate
L101352,2026-06-12 18:30:00,2026-06-16 06:30:00,84.0,HIGH,Europe/London,AD-07,IST_SHIFT,2,Y,Y,Y,Attempt to reschedule demo within 48h or escalate
L104465,2026-06-20 08:40:00,2026-06-23 20:28:00,83.8,HIGH,America/New_York,AD-02,US_SHIFT,1,Y,Y,N,Attempt to reschedule demo within 48h or escalate
L102531,2026-07-13 12:54:00,2026-07-17 00:38:00,83.73333333333333,HIGH,Australia/Sydney,AD-07,IST_SHIFT,2,N,N,N,Attempt to reschedule demo within 48h or escalate
L104733,2026-06-08 15:22:00,2026-06-12 02:59:00,83.61666666666666,HIGH,Asia/Dubai,AD-02,US_SHIFT,1,N,N,N,Attempt to reschedule demo within 48h or escalate
L100759,2026-07-16 00:15:00,2026-07-19 11:44:00,83.48333333333333,HIGH,America/New_York,AD-02,US_SHIFT,2,Y,Y,Y,Attempt to reschedule demo within 48h or escalate
L102157,2026-07-06 17:03:00,2026-07-10 04:30:00,83.45,HIGH,Asia/Ho_Chi_Minh,AD-07,IST_SHIFT,1,Y,N,N,Attempt to reschedule demo within 48h or escalate
L104703,2026-06-21 00:53:00,2026-06-24 12:14:00,83.35,HIGH,America/New_York,AD-01,US_SHIFT,2,N,N,N,Attempt to reschedule demo within 48h or escalate
L103930,2026-07-04 07:03:00,2026-07-07 18:20:00,83.28333333333333,HIGH,America/New_York,AD-04,US_SHIFT,3,N,N,N,Attempt to reschedule demo within 48h or escalate
L100591,2026-06-25 23:18:00,2026-06-29 10:35:00,83.28333333333333,HIGH,America/New_York,AD-10,SEA_SHIFT,1,N,N,N,Attempt to reschedule demo within 48h or escalate
L104633,2026-06-24 02:52:00,2026-06-27 14:03:00,83.18333333333334,HIGH,Asia/Riyadh,AD-09,IST_SHIFT,3,N,N,N,Attempt to reschedule demo within 48h or escalate
L101722,2026-06-11 18:36:00,2026-06-15 05:36:00,83.0,HIGH,America/New_York,AD-05,IST_SHIFT,0,Y,N,N,Attempt to reschedule demo within 48h or escalate
L102523,2026-06-11 05:50:00,2026-06-14 16:45:00,82.91666666666667,HIGH,America/New_York,AD-08,IST_SHIFT,2,N,N,N,Attempt to reschedule demo within 48h or escalate
L101508,2026-07-19 22:31:00,2026-07-23 09:17:00,82.76666666666667,HIGH,Europe/London,AD-12,US_SHIFT,3,Y,Y,Y,Attempt to reschedule demo within 48h or escalate
L102574,2026-06-25 06:57:00,2026-06-28 17:32:00,82.58333333333333,HIGH,Asia/Riyadh,AD-02,US_SHIFT,3,N,N,N,Attempt to reschedule demo within 48h or escalate
L101429,2026-07-25 01:01:00,2026-07-28 11:35:00,82.56666666666666,HIGH,Australia/Sydney,AD-06,IST_SHIFT,3,N,N,N,Attempt to reschedule demo within 48h or escalate
L101655,2026-07-03 21:27:00,2026-07-07 07:58:00,82.51666666666667,HIGH,Australia/Sydney,AD-02,US_SHIFT,1,Y,Y,N,Attempt to reschedule demo within 48h or escalate
L103174,2026-06-13 20:44:00,2026-06-17 07:08:00,82.4,HIGH,Europe/London,AD-08,IST_SHIFT,5,Y,Y,N,Attempt to reschedule demo within 48h or escalate
L102054,2026-06-17 15:41:00,2026-06-21 02:05:00,82.4,HIGH,America/New_York,AD-03,US_SHIFT,2,N,N,N,Attempt to reschedule demo within 48h or escalate
L100177,2026-07-23 01:38:00,2026-07-26 12:02:00,82.4,HIGH,Asia/Singapore,AD-10,SEA_SHIFT,1,Y,Y,Y,Attempt to reschedule demo within 48h or escalate
L102114,2026-06-20 12:00:00,2026-06-23 22:19:00,82.31666666666666,HIGH,Europe/London,AD-02,US_SHIFT,2,Y,Y,N,Attempt to reschedule demo within 48h or escalate
L102437,2026-07-28 16:20:00,2026-08-01 02:34:00,82.23333333333333,HIGH,America/New_York,AD-03,US_SHIFT,3,N,N,N,Attempt to reschedule demo within 48h or escalate
L102998,2026-06-10 01:48:00,2026-06-13 11:55:00,82.11666666666666,HIGH,Australia/Sydney,AD-01,US_SHIFT,6,Y,Y,Y,Attempt to reschedule demo within 48h or escalate
L102443,2026-07-24 03:36:00,2026-07-27 13:36:00,82.0,HIGH,Asia/Kolkata,AD-02,US_SHIFT,4,Y,Y,N,Attempt to reschedule demo within 48h or escalate
L104442,2026-06-21 04:06:00,2026-06-24 14:04:00,81.96666666666667,HIGH,America/New_York,AD-07,IST_SHIFT,4,N,N,N,Attempt to reschedule demo within 48h or escalate
L104522,2026-06-05 21:56:00,2026-06-09 07:54:00,81.96666666666667,HIGH,Asia/Ho_Chi_Minh,AD-06,IST_SHIFT,3,Y,Y,N,Attempt to reschedule demo within 48h or escalate
L104470,2026-07-24 07:45:00,2026-07-27 17:33:00,81.8,HIGH,Asia/Ho_Chi_Minh,AD-01,US_SHIFT,2,N,N,N,Attempt to reschedule demo within 48h or escalate
L104432,2026-06-11 09:55:00,2026-06-14 19:39:00,81.73333333333333,HIGH,America/New_York,AD-04,US_SHIFT,2,N,N,N,Attempt to reschedule demo within 48h or escalate
L102513,2026-06-29 11:04:00,2026-07-02 20:46:00,81.7,HIGH,Europe/London,AD-07,IST_SHIFT,1,N,N,N,Attempt to reschedule demo within 48h or escalate
L101487,2026-06-04 05:49:00,2026-06-07 15:28:00,81.65,HIGH,Europe/London,AD-08,IST_SHIFT,5,N,N,N,Attempt to reschedule demo within 48h or escalate
L104528,2026-06-30 02:41:00,2026-07-03 12:16:00,81.58333333333333,HIGH,Asia/Singapore,AD-06,IST_SHIFT,6,Y,N,N,Attempt to reschedule demo within 48h or escalate
L104676,2026-06-10 10:50:00,2026-06-13 20:17:00,81.45,HIGH,Asia/Ho_Chi_Minh,AD-01,US_SHIFT,0,N,N,N,Attempt to reschedule demo within 48h or escalate
L104362,2026-06-06 16:54:00,2026-06-10 02:19:00,81.41666666666667,HIGH,Europe/London,AD-02,US_SHIFT,4,Y,Y,N,Attempt to reschedule demo within 48h or escalate
L100098,2026-06-02 20:23:00,2026-06-06 05:47:00,81.4,HIGH,Europe/London,AD-02,US_SHIFT,3,Y,Y,N,Attempt to reschedule demo within 48h or escalate
L100228,2026-06-05 21:57:00,2026-06-09 07:18:00,81.35,HIGH,Asia/Ho_Chi_Minh,AD-10,SEA_SHIFT,2,Y,Y,Y,Attempt to reschedule demo within 48h or escalate
L103421,2026-07-19 09:51:00,2026-07-22 19:08:00,81.28333333333333,HIGH,America/New_York,AD-09,IST_SHIFT,3,Y,Y,N,Attempt to reschedule demo within 48h or escalate
L100641,2026-07-08 01:18:00,2026-07-11 10:30:00,81.2,HIGH,America/New_York,AD-10,SEA_SHIFT,1,Y,Y,N,Attempt to reschedule demo within 48h or escalate
L102929,2026-06-20 10:33:00,2026-06-23 19:40:00,81.11666666666666,HIGH,America/New_York,AD-03,US_SHIFT,1,N,N,N,Attempt to reschedule demo within 48h or escalate
L100246,2026-07-17 06:29:00,2026-07-20 15:33:00,81.06666666666666,HIGH,Europe/London,AD-10,SEA_SHIFT,2,N,N,N,Attempt to reschedule demo within 48h or escalate
L101219,2026-07-06 06:46:00,2026-07-09 15:50:00,81.06666666666666,HIGH,America/New_York,AD-08,IST_SHIFT,1,N,N,N,Attempt to reschedule demo within 48h or escalate
L103500,2026-07-08 03:39:00,2026-07-11 12:42:00,81.05,HIGH,Asia/Riyadh,AD-12,US_SHIFT,2,N,N,N,Attempt to reschedule demo within 48h or escalate
L104447,2026-07-13 06:19:00,2026-07-16 15:21:00,81.03333333333333,HIGH,Asia/Riyadh,AD-06,IST_SHIFT,3,Y,Y,N,Attempt to reschedule demo within 48h or escalate
L103934,2026-06-03 08:53:00,2026-06-06 17:54:00,81.01666666666667,HIGH,Australia/Sydney,AD-10,SEA_SHIFT,2,Y,Y,N,Attempt to reschedule demo within 48h or escalate
L104114,2026-06-23 19:36:00,2026-06-27 04:36:00,81.0,HIGH,Asia/Kolkata,AD-03,US_SHIFT,3,N,N,N,Attempt to reschedule demo within 48h or escalate
L104325,2026-06-15 16:42:00,2026-06-19 01:42:00,81.0,HIGH,Asia/Ho_Chi_Minh,AD-05,IST_SHIFT,2,Y,Y,N,Attempt to reschedule demo within 48h or escalate
L103406,2026-06-28 01:59:00,2026-07-01 10:56:00,80.95,HIGH,America/New_York,AD-02,US_SHIFT,4,N,N,N,Attempt to reschedule demo within 48h or escalate
L101286,2026-07-05 14:53:00,2026-07-08 23:41:00,80.8,HIGH,Australia/Sydney,AD-04,US_SHIFT,2,N,N,N,Attempt to reschedule demo within 48h or escalate
L104602,2026-06-24 20:15:00,2026-06-28 05:01:00,80.76666666666667,HIGH,Asia/Ho_Chi_Minh,AD-07,IST_SHIFT,4,Y,Y,N,Attempt to reschedule demo within 48h or escalate
L103257,2026-06-10 11:06:00,2026-06-13 19:39:00,80.55,HIGH,Europe/London,AD-08,IST_SHIFT,2,Y,Y,N,Attempt to reschedule demo within 48h or escalate
L102754,2026-06-04 21:15:00,2026-06-08 05:46:00,80.51666666666667,HIGH,Europe/London,AD-11,SEA_SHIFT,7,N,N,N,Attempt to reschedule demo within 48h or escalate
L103496,2026-07-07 05:24:00,2026-07-10 13:55:00,80.51666666666667,HIGH,Asia/Kolkata,AD-06,IST_SHIFT,0,Y,N,N,Attempt to reschedule demo within 48h or escalate
L102503,2026-06-20 22:26:00,2026-06-24 06:46:00,80.33333333333333,HIGH,Asia/Kolkata,AD-10,SEA_SHIFT,6,N,N,N,Attempt to reschedule demo within 48h or escalate
L101953,2026-07-29 13:16:00,2026-08-01 21:31:00,80.25,HIGH,Asia/Ho_Chi_Minh,AD-02,US_SHIFT,1,N,N,N,Attempt to reschedule demo within 48h or escalate
L104829,2026-06-19 12:04:00,2026-06-22 20:02:00,79.96666666666667,HIGH,Asia/Riyadh,AD-03,US_SHIFT,5,Y,Y,N,Attempt to reschedule demo within 48h or escalate
L101148,2026-07-14 09:14:00,2026-07-17 17:11:00,79.95,HIGH,America/New_York,AD-09,IST_SHIFT,2,Y,N,N,Attempt to reschedule demo within 48h or escalate
L102420,2026-07-27 11:50:00,2026-07-30 19:43:00,79.88333333333334,HIGH,Asia/Riyadh,AD-01,US_SHIFT,0,N,N,N,Attempt to reschedule demo within 48h or escalate
L101240,2026-06-20 12:14:00,2026-06-23 20:03:00,79.81666666666666,HIGH,America/New_York,AD-04,US_SHIFT,5,Y,Y,N,Attempt to reschedule demo within 48h or escalate
L102186,2026-07-20 20:53:00,2026-07-24 04:39:00,79.76666666666667,HIGH,Asia/Dubai,AD-02,US_SHIFT,7,N,N,N,Attempt to reschedule demo within 48h or escalate
L103957,2026-06-30 09:35:00,2026-07-03 17:18:00,79.71666666666667,HIGH,Asia/Ho_Chi_Minh,AD-11,SEA_SHIFT,3,N,N,N,Attempt to reschedule demo within 48h or escalate
L100566,2026-06-01 16:29:00,2026-06-05 00:11:00,79.7,HIGH,America/New_York,AD-01,US_SHIFT,2,Y,Y,N,Attempt to reschedule demo within 48h or escalate
L103132,2026-07-12 05:40:00,2026-07-15 13:17:00,79.61666666666666,HIGH,Asia/Riyadh,AD-03,US_SHIFT,2,Y,Y,N,Attempt to reschedule demo within 48h or escalate
L103432,2026-07-09 03:44:00,2026-07-12 11:21:00,79.61666666666666,HIGH,Asia/Dubai,AD-08,IST_SHIFT,6,Y,N,N,Attempt to reschedule demo within 48h or escalate
L101554,2026-06-27 21:20:00,2026-07-01 04:56:00,79.6,HIGH,Asia/Dubai,AD-02,US_SHIFT,2,N,N,N,Attempt to reschedule demo within 48h or escalate
L100296,2026-07-13 07:21:00,2026-07-16 14:46:00,79.41666666666667,HIGH,Asia/Kolkata,AD-07,IST_SHIFT,4,Y,Y,N,Attempt to reschedule demo within 48h or escalate
L100497,2026-07-21 01:06:00,2026-07-24 08:23:00,79.28333333333333,HIGH,Asia/Ho_Chi_Minh,AD-11,SEA_SHIFT,1,Y,Y,N,Attempt to reschedule demo within 48h or escalate
L100540,2026-07-04 23:40:00,2026-07-08 06:44:00,79.06666666666666,HIGH,Asia/Dubai,AD-07,IST_SHIFT,0,N,N,N,Attempt to reschedule demo within 48h or escalate
L102785,2026-07-07 08:29:00,2026-07-10 15:32:00,79.05,HIGH,Asia/Kolkata,AD-12,US_SHIFT,3,N,N,N,Attempt to reschedule demo within 48h or escalate
L102043,2026-06-11 02:02:00,2026-06-14 09:02:00,79.0,HIGH,Asia/Ho_Chi_Minh,AD-12,US_SHIFT,2,N,N,N,Attempt to reschedule demo within 48h or escalate
L100406,2026-07-01 10:48:00,2026-07-04 17:43:00,78.91666666666667,HIGH,Asia/Singapore,AD-08,IST_SHIFT,2,N,N,N,Attempt to reschedule demo within 48h or escalate
L103644,2026-06-14 09:27:00,2026-06-17 16:16:00,78.81666666666666,HIGH,Europe/London,AD-11,SEA_SHIFT,4,Y,Y,N,Attempt to reschedule demo within 48h or escalate
L101399,2026-07-08 04:04:00,2026-07-11 10:52:00,78.8,HIGH,Australia/Sydney,AD-06,IST_SHIFT,1,Y,Y,N,Attempt to reschedule demo within 48h or escalate
L104172,2026-07-18 18:44:00,2026-07-22 01:28:00,78.73333333333333,HIGH,America/New_York,AD-07,IST_SHIFT,1,Y,Y,N,Attempt to reschedule demo within 48h or escalate
L103891,2026-07-05 22:31:00,2026-07-09 05:11:00,78.66666666666667,HIGH,Asia/Dubai,AD-08,IST_SHIFT,3,Y,Y,N,Attempt to reschedule demo within 48h or escalate
L100056,2026-07-25 01:06:00,2026-07-28 07:39:00,78.55,HIGH,Asia/Kolkata,AD-03,US_SHIFT,2,Y,N,N,Attempt to reschedule demo within 48h or escalate
L100093,2026-06-04 09:09:00,2026-06-07 15:42:00,78.55,HIGH,Australia/Sydney,AD-08,IST_SHIFT,6,N,N,N,Attempt to reschedule demo within 48h or escalate
L104354,2026-06-20 22:35:00,2026-06-24 05:04:00,78.48333333333333,HIGH,America/New_York,AD-08,IST_SHIFT,0,N,N,N,Attempt to reschedule demo within 48h or escalate
L103609,2026-06-24 23:03:00,2026-06-28 05:29:00,78.43333333333334,HIGH,America/New_York,AD-11,SEA_SHIFT,2,Y,Y,Y,Attempt to reschedule demo within 48h or escalate
L100317,2026-06-08 12:42:00,2026-06-11 19:08:00,78.43333333333334,HIGH,Asia/Dubai,AD-03,US_SHIFT,1,Y,Y,Y,Attempt to reschedule demo within 48h or escalate
L100908,2026-06-30 07:00:00,2026-07-03 13:26:00,78.43333333333334,HIGH,America/New_York,AD-05,IST_SHIFT,5,N,N,N,Attempt to reschedule demo within 48h or escalate
L102723,2026-07-19 08:46:00,2026-07-22 15:11:00,78.41666666666667,HIGH,Europe/London,AD-01,US_SHIFT,2,Y,Y,N,Attempt to reschedule demo within 48h or escalate
L100240,2026-06-04 02:18:00,2026-06-07 08:42:00,78.4,HIGH,America/New_York,AD-12,US_SHIFT,4,Y,Y,N,Attempt to reschedule demo within 48h or escalate
L101534,2026-06-20 19:39:00,2026-06-24 02:03:00,78.4,HIGH,America/New_York,AD-01,US_SHIFT,4,Y,Y,N,Attempt to reschedule demo within 48h or escalate
L102952,2026-06-01 18:58:00,2026-06-05 01:19:00,78.35,HIGH,Asia/Ho_Chi_Minh,AD-10,SEA_SHIFT,2,Y,Y,N,Attempt to reschedule demo within 48h or escalate
L103346,2026-07-12 19:09:00,2026-07-16 01:24:00,78.25,HIGH,America/New_York,AD-02,US_SHIFT,2,N,N,N,Attempt to reschedule demo within 48h or escalate
L102822,2026-06-21 05:19:00,2026-06-24 11:30:00,78.18333333333334,HIGH,America/New_York,AD-06,IST_SHIFT,1,Y,Y,N,Attempt to reschedule demo within 48h or escalate
L101847,2026-06-18 15:53:00,2026-06-21 22:03:00,78.16666666666667,HIGH,Asia/Ho_Chi_Minh,AD-06,IST_SHIFT,2,N,N,N,Attempt to reschedule demo within 48h or escalate
L100204,2026-06-29 20:03:00,2026-07-03 02:12:00,78.15,HIGH,America/New_York,AD-08,IST_SHIFT,2,Y,Y,N,Attempt to reschedule demo within 48h or escalate
L102940,2026-07-18 19:15:00,2026-07-22 01:23:00,78.13333333333334,HIGH,Asia/Kolkata,AD-04,US_SHIFT,2,N,N,N,Attempt to reschedule demo within 48h or escalate
L100068,2026-06-16 23:29:00,2026-06-20 05:33:00,78.06666666666666,HIGH,Asia/Dubai,AD-07,IST_SHIFT,2,N,N,N,Attempt to reschedule demo within 48h or escalate
L102694,2026-07-26 04:20:00,2026-07-29 10:24:00,78.06666666666666,HIGH,Asia/Ho_Chi_Minh,AD-01,US_SHIFT,1,Y,Y,N,Attempt to reschedule demo within 48h or escalate
L104726,2026-07-28 12:09:00,2026-07-31 18:06:00,77.95,HIGH,Asia/Dubai,AD-03,US_SHIFT,4,N,N,N,Attempt to reschedule demo within 48h or escalate
L103128,2026-06-07 11:49:00,2026-06-10 17:43:00,77.9,HIGH,Asia/Ho_Chi_Minh,AD-08,IST_SHIFT,2,Y,Y,N,Attempt to reschedule demo within 48h or escalate
L102430,2026-06-30 20:15:00,2026-07-04 02:06:00,77.85,HIGH,America/New_York,AD-10,SEA_SHIFT,3,Y,N,N,Attempt to reschedule demo within 48h or escalate
L101267,2026-07-08 12:41:00,2026-07-11 18:29:00,77.8,HIGH,Australia/Sydney,AD-10,SEA_SHIFT,1,Y,Y,Y,Attempt to reschedule demo within 48h or escalate
L102081,2026-06-01 05:28:00,2026-06-04 11:14:00,77.76666666666667,HIGH,America/New_York,AD-11,SEA_SHIFT,0,Y,Y,Y,Attempt to reschedule demo within 48h or escalate
L101770,2026-07-27 05:20:00,2026-07-30 10:59:00,77.65,HIGH,Asia/Ho_Chi_Minh,AD-09,IST_SHIFT,1,N,N,N,Attempt to reschedule demo within 48h or escalate
L100245,2026-06-17 06:24:00,2026-06-20 12:02:00,77.63333333333334,HIGH,Australia/Sydney,AD-03,US_SHIFT,2,N,N,N,Attempt to reschedule demo within 48h or escalate
L104995,2026-06-19 05:05:00,2026-06-22 10:42:00,77.61666666666666,HIGH,Asia/Singapore,AD-12,US_SHIFT,5,Y,Y,N,Attempt to reschedule demo within 48h or escalate
L102227,2026-06-02 22:28:00,2026-06-06 04:01:00,77.55,HIGH,Asia/Riyadh,AD-04,US_SHIFT,1,Y,Y,Y,Attempt to reschedule demo within 48h or escalate
L102380,2026-06-15 11:34:00,2026-06-18 17:07:00,77.55,HIGH,Europe/London,AD-04,US_SHIFT,1,Y,N,N,Attempt to reschedule demo within 48h or escalate
L104141,2026-07-31 16:32:00,2026-08-03 22:04:00,77.53333333333333,HIGH,America/New_York,AD-03,US_SHIFT,1,N,N,N,Attempt to reschedule demo within 48h or escalate
L100948,2026-07-11 23:45:00,2026-07-15 05:15:00,77.5,HIGH,Australia/Sydney,AD-09,IST_SHIFT,5,N,N,N,Attempt to reschedule demo within 48h or escalate
L103693,2026-06-30 04:08:00,2026-07-03 09:37:00,77.48333333333333,HIGH,America/New_York,AD-02,US_SHIFT,1,N,N,N,Attempt to reschedule demo within 48h or escalate
L102981,2026-07-29 16:28:00,2026-08-01 21:48:00,77.33333333333333,HIGH,Asia/Ho_Chi_Minh,AD-02,US_SHIFT,1,N,N,N,Attempt to reschedule demo within 48h or escalate
L101542,2026-06-18 09:17:00,2026-06-21 14:35:00,77.3,HIGH,Asia/Kolkata,AD-08,IST_SHIFT,2,Y,Y,N,Attempt to reschedule demo within 48h or escalate
L101871,2026-07-09 00:20:00,2026-07-12 05:35:00,77.25,HIGH,Asia/Riyadh,AD-05,IST_SHIFT,0,N,N,N,Attempt to reschedule demo within 48h or escalate
L104452,2026-06-08 18:08:00,2026-06-11 23:19:00,77.18333333333334,HIGH,Asia/Kolkata,AD-09,IST_SHIFT,5,Y,Y,N,Attempt to reschedule demo within 48h or escalate
L100499,2026-06-11 14:15:00,2026-06-14 19:26:00,77.18333333333334,HIGH,America/New_York,AD-01,US_SHIFT,0,Y,Y,N,Attempt to reschedule demo within 48h or escalate
L101600,2026-06-30 02:27:00,2026-07-03 07:34:00,77.11666666666666,HIGH,Asia/Ho_Chi_Minh,AD-10,SEA_SHIFT,6,N,N,N,Attempt to reschedule demo within 48h or escalate
L103645,2026-06-30 00:02:00,2026-07-03 05:04:00,77.03333333333333,HIGH,Europe/London,AD-03,US_SHIFT,1,N,N,N,Attempt to reschedule demo within 48h or escalate
L101643,2026-07-03 18:49:00,2026-07-06 23:49:00,77.0,HIGH,Europe/London,AD-10,SEA_SHIFT,2,N,N,N,Attempt to reschedule demo within 48h or escalate
L101922,2026-06-07 14:38:00,2026-06-10 19:37:00,76.98333333333333,HIGH,Asia/Riyadh,AD-05,IST_SHIFT,1,Y,Y,N,Attempt to reschedule demo within 48h or escalate
L100223,2026-06-06 02:56:00,2026-06-09 07:50:00,76.9,HIGH,America/New_York,AD-07,IST_SHIFT,1,N,N,N,Attempt to reschedule demo within 48h or escalate
L104439,2026-06-02 02:40:00,2026-06-05 07:30:00,76.83333333333333,HIGH,Asia/Riyadh,AD-08,IST_SHIFT,4,Y,Y,Y,Attempt to reschedule demo within 48h or escalate
L103096,2026-06-02 17:37:00,2026-06-05 22:25:00,76.8,HIGH,Asia/Dubai,AD-02,US_SHIFT,4,Y,N,N,Attempt to reschedule demo within 48h or escalate
L104523,2026-06-18 02:18:00,2026-06-21 07:04:00,76.76666666666667,HIGH,Asia/Kolkata,AD-02,US_SHIFT,2,N,N,N,Attempt to reschedule demo within 48h or escalate
L100099,2026-07-30 01:10:00,2026-08-02 05:45:00,76.58333333333333,HIGH,Asia/Dubai,AD-10,SEA_SHIFT,1,Y,Y,N,Attempt to reschedule demo within 48h or escalate
L104836,2026-06-10 23:35:00,2026-06-14 04:03:00,76.46666666666667,HIGH,Asia/Kolkata,AD-09,IST_SHIFT,0,Y,Y,N,Attempt to reschedule demo within 48h or escalate
L104525,2026-07-30 14:48:00,2026-08-02 19:00:00,76.2,HIGH,America/New_York,AD-12,US_SHIFT,1,Y,Y,Y,Attempt to reschedule demo within 48h or escalate
L102406,2026-07-11 17:53:00,2026-07-14 22:04:00,76.18333333333334,HIGH,America/New_York,AD-06,IST_SHIFT,4,Y,Y,Y,Attempt to reschedule demo within 48h or escalate
L102367,2026-06-26 21:27:00,2026-06-30 01:35:00,76.13333333333334,HIGH,Asia/Riyadh,AD-05,IST_SHIFT,5,Y,Y,Y,Attempt to reschedule demo within 48h or escalate
L101332,2026-06-15 21:47:00,2026-06-19 01:50:00,76.05,HIGH,Europe/London,AD-08,IST_SHIFT,2,N,N,N,Attempt to reschedule demo within 48h or escalate
L102414,2026-06-15 02:29:00,2026-06-18 06:27:00,75.96666666666667,HIGH,Asia/Dubai,AD-07,IST_SHIFT,2,N,N,N,Attempt to reschedule demo within 48h or escalate
L102351,2026-06-19 22:10:00,2026-06-23 02:08:00,75.96666666666667,HIGH,Asia/Singapore,AD-07,IST_SHIFT,2,N,N,N,Attempt to reschedule demo within 48h or escalate
L103908,2026-07-04 03:58:00,2026-07-07 07:42:00,75.73333333333333,HIGH,Asia/Dubai,AD-12,US_SHIFT,5,N,N,N,Attempt to reschedule demo within 48h or escalate
L101271,2026-07-16 21:33:00,2026-07-20 01:17:00,75.73333333333333,HIGH,Europe/London,AD-04,US_SHIFT,2,Y,Y,N,Attempt to reschedule demo within 48h or escalate
L102984,2026-07-29 00:50:00,2026-08-01 04:22:00,75.53333333333333,HIGH,Asia/Kolkata,AD-01,US_SHIFT,3,N,N,N,Attempt to reschedule demo within 48h or escalate
L104266,2026-07-01 03:49:00,2026-07-04 07:08:00,75.31666666666666,HIGH,America/New_York,AD-03,US_SHIFT,4,N,N,N,Attempt to reschedule demo within 48h or escalate
L104769,2026-06-07 08:32:00,2026-06-10 11:50:00,75.3,HIGH,Asia/Singapore,AD-06,IST_SHIFT,1,Y,Y,N,Attempt to reschedule demo within 48h or escalate
L102994,2026-06-05 03:45:00,2026-06-08 07:01:00,75.26666666666667,HIGH,America/New_York,AD-04,US_SHIFT,6,Y,Y,N,Attempt to reschedule demo within 48h or escalate
L102079,2026-07-14 11:41:00,2026-07-17 14:56:00,75.25,HIGH,Asia/Kolkata,AD-05,IST_SHIFT,2,Y,Y,Y,Attempt to reschedule demo within 48h or escalate
L103586,2026-07-13 22:16:00,2026-07-17 01:28:00,75.2,HIGH,America/New_York,AD-07,IST_SHIFT,1,N,N,N,Attempt to reschedule demo within 48h or escalate
L102625,2026-07-23 15:55:00,2026-07-26 18:56:00,75.01666666666667,HIGH,America/New_York,AD-11,SEA_SHIFT,2,N,N,N,Attempt to reschedule demo within 48h or escalate
L103787,2026-06-07 08:57:00,2026-06-10 11:48:00,74.85,HIGH,Asia/Ho_Chi_Minh,AD-01,US_SHIFT,3,Y,N,N,Attempt to reschedule demo within 48h or escalate
L103911,2026-06-30 00:52:00,2026-07-03 03:43:00,74.85,HIGH,America/New_York,AD-05,IST_SHIFT,0,N,N,N,Attempt to reschedule demo within 48h or escalate
L103192,2026-07-22 16:06:00,2026-07-25 18:51:00,74.75,HIGH,Asia/Kolkata,AD-06,IST_SHIFT,1,Y,Y,N,Attempt to reschedule demo within 48h or escalate
L104745,2026-06-01 10:56:00,2026-06-04 13:38:00,74.7,HIGH,Europe/London,AD-02,US_SHIFT,1,Y,N,N,Attempt to reschedule demo within 48h or escalate
L101134,2026-07-04 05:15:00,2026-07-07 07:51:00,74.6,HIGH,Asia/Ho_Chi_Minh,AD-05,IST_SHIFT,4,N,N,N,Attempt to reschedule demo within 48h or escalate
L104796,2026-07-05 16:33:00,2026-07-08 19:07:00,74.56666666666666,HIGH,Asia/Dubai,AD-05,IST_SHIFT,0,N,N,N,Attempt to reschedule demo within 48h or escalate
L100987,2026-07-13 00:32:00,2026-07-16 02:54:00,74.36666666666666,HIGH,Asia/Ho_Chi_Minh,AD-12,US_SHIFT,2,N,N,N,Attempt to reschedule demo within 48h or escalate
L104217,2026-07-15 08:38:00,2026-07-18 10:57:00,74.31666666666666,HIGH,America/New_York,AD-07,IST_SHIFT,1,Y,Y,N,Attempt to reschedule demo within 48h or escalate
L103127,2026-07-01 05:47:00,2026-07-04 08:04:00,74.28333333333333,HIGH,Asia/Ho_Chi_Minh,AD-02,US_SHIFT,0,N,N,N,Attempt to reschedule demo within 48h or escalate
L104057,2026-06-18 22:51:00,2026-06-22 00:58:00,74.11666666666666,HIGH,Asia/Ho_Chi_Minh,AD-06,IST_SHIFT,1,Y,Y,N,Attempt to reschedule demo within 48h or escalate
L103640,2026-06-19 11:43:00,2026-06-22 13:43:00,74.0,HIGH,Europe/London,AD-11,SEA_SHIFT,3,N,N,N,Attempt to reschedule demo within 48h or escalate
L102009,2026-07-01 18:36:00,2026-07-04 20:29:00,73.88333333333334,HIGH,Asia/Riyadh,AD-07,IST_SHIFT,5,N,N,N,Attempt to reschedule demo within 48h or escalate
L101523,2026-06-16 14:37:00,2026-06-19 16:27:00,73.83333333333333,HIGH,Asia/Dubai,AD-02,US_SHIFT,1,N,N,N,Attempt to reschedule demo within 48h or escalate
L103591,2026-07-24 22:47:00,2026-07-28 00:37:00,73.83333333333333,HIGH,America/New_York,AD-04,US_SHIFT,2,Y,Y,N,Attempt to reschedule demo within 48h or escalate
L100782,2026-06-04 11:15:00,2026-06-07 13:03:00,73.8,HIGH,America/New_York,AD-08,IST_SHIFT,2,N,N,N,Attempt to reschedule demo within 48h or escalate
L103819,2026-07-21 12:40:00,2026-07-24 14:26:00,73.76666666666667,HIGH,America/New_York,AD-02,US_SHIFT,1,Y,Y,N,Attempt to reschedule demo within 48h or escalate
L102814,2026-06-18 07:42:00,2026-06-21 09:27:00,73.75,HIGH,Asia/Kolkata,AD-10,SEA_SHIFT,2,Y,Y,N,Attempt to reschedule demo within 48h or escalate
L100554,2026-07-31 12:08:00,2026-08-03 13:44:00,73.6,HIGH,Asia/Ho_Chi_Minh,AD-09,IST_SHIFT,6,N,N,N,Attempt to reschedule demo within 48h or escalate
L100346,2026-06-17 03:50:00,2026-06-20 05:23:00,73.55,HIGH,Asia/Dubai,AD-11,SEA_SHIFT,2,Y,Y,Y,Attempt to reschedule demo within 48h or escalate
L100593,2026-06-08 21:58:00,2026-06-11 23:30:00,73.53333333333333,HIGH,America/New_York,AD-12,US_SHIFT,3,Y,Y,N,Attempt to reschedule demo within 48h or escalate
L104508,2026-07-17 23:14:00,2026-07-21 00:44:00,73.5,HIGH,Asia/Ho_Chi_Minh,AD-05,IST_SHIFT,4,Y,Y,N,Attempt to reschedule demo within 48h or escalate
L102378,2026-07-31 14:29:00,2026-08-03 15:57:00,73.46666666666667,HIGH,Asia/Ho_Chi_Minh,AD-12,US_SHIFT,1,N,N,N,Attempt to reschedule demo within 48h or escalate
L102095,2026-06-08 04:47:00,2026-06-11 06:12:00,73.41666666666667,HIGH,America/New_York,AD-04,US_SHIFT,3,N,N,N,Attempt to reschedule demo within 48h or escalate
L102604,2026-07-26 18:41:00,2026-07-29 19:55:00,73.23333333333333,HIGH,Australia/Sydney,AD-09,IST_SHIFT,0,Y,Y,N,Attempt to reschedule demo within 48h or escalate
L104189,2026-07-31 14:17:00,2026-08-03 15:24:00,73.11666666666666,HIGH,America/New_York,AD-12,US_SHIFT,2,Y,Y,Y,Attempt to reschedule demo within 48h or escalate
L103834,2026-07-12 12:04:00,2026-07-15 13:09:00,73.08333333333333,HIGH,Asia/Dubai,AD-10,SEA_SHIFT,0,N,N,N,Attempt to reschedule demo within 48h or escalate
L101751,2026-06-20 09:30:00,2026-06-23 10:31:00,73.01666666666667,HIGH,America/New_York,AD-03,US_SHIFT,1,N,N,N,Attempt to reschedule demo within 48h or escalate
L102151,2026-06-11 04:46:00,2026-06-14 05:41:00,72.91666666666667,HIGH,America/New_York,AD-06,IST_SHIFT,3,N,N,N,Attempt to reschedule demo within 48h or escalate
L104856,2026-07-01 13:24:00,2026-07-04 14:07:00,72.71666666666667,HIGH,America/New_York,AD-09,IST_SHIFT,0,Y,Y,Y,Attempt to reschedule demo within 48h or escalate
L103112,2026-06-17 01:19:00,2026-06-20 01:53:00,72.56666666666666,HIGH,Europe/London,AD-11,SEA_SHIFT,5,Y,Y,Y,Attempt to reschedule demo within 48h or escalate
L104962,2026-07-31 08:24:00,2026-08-03 08:54:00,72.5,HIGH,America/New_York,AD-05,IST_SHIFT,3,N,N,N,Attempt to reschedule demo within 48h or escalate
L100483,2026-07-27 14:36:00,2026-07-30 15:06:00,72.5,HIGH,America/New_York,AD-11,SEA_SHIFT,2,N,N,N,Attempt to reschedule demo within 48h or escalate
L103353,2026-06-22 05:15:00,2026-06-25 05:44:00,72.48333333333333,HIGH,Asia/Dubai,AD-01,US_SHIFT,3,Y,Y,N,Attempt to reschedule demo within 48h or escalate
L103091,2026-06-23 21:59:00,2026-06-26 22:28:00,72.48333333333333,HIGH,Asia/Kolkata,AD-05,IST_SHIFT,2,Y,Y,N,Attempt to reschedule demo within 48h or escalate
L101435,2026-07-30 10:52:00,2026-08-02 11:08:00,72.26666666666667,HIGH,Asia/Kolkata,AD-02,US_SHIFT,2,Y,Y,N,Attempt to reschedule demo within 48h or escalate
L101718,2026-07-16 12:21:00,2026-07-19 12:34:00,72.21666666666667,HIGH,Asia/Ho_Chi_Minh,AD-04,US_SHIFT,1,N,N,N,Attempt to reschedule demo within 48h or escalate
L100704,2026-07-03 06:36:00,2026-07-06 06:48:00,72.2,HIGH,Asia/Dubai,AD-02,US_SHIFT,3,Y,Y,N,Attempt to reschedule demo within 48h or escalate
L100639,2026-07-12 00:14:00,2026-07-15 00:24:00,72.16666666666667,HIGH,America/New_York,AD-08,IST_SHIFT,6,N,N,N,Attempt to reschedule demo within 48h or escalate
L101178,2026-06-08 00:45:00,2026-06-11 00:53:00,72.13333333333334,HIGH,America/New_York,AD-10,SEA_SHIFT,1,N,N,N,Attempt to reschedule demo within 48h or escalate
L100816,2026-06-13 13:07:00,2026-06-16 13:15:00,72.13333333333334,HIGH,Asia/Riyadh,AD-05,IST_SHIFT,1,Y,Y,N,Attempt to reschedule demo within 48h or escalate
L102909,2026-07-15 11:06:00,2026-07-18 11:13:00,72.11666666666666,HIGH,Europe/London,AD-05,IST_SHIFT,5,Y,Y,N,Attempt to reschedule demo within 48h or escalate
L102913,2026-07-23 22:33:00,2026-07-26 22:39:00,72.1,HIGH,America/New_York,AD-08,IST_SHIFT,0,Y,Y,N,Attempt to reschedule demo within 48h or escalate
L101794,2026-06-16 00:42:00,2026-06-19 00:18:00,71.6,MEDIUM,Asia/Riyadh,AD-04,US_SHIFT,1,N,N,N,Attempt to reschedule demo within 48h or escalate
L104148,2026-07-20 09:29:00,2026-07-23 09:04:00,71.58333333333333,MEDIUM,Asia/Ho_Chi_Minh,AD-09,IST_SHIFT,3,N,N,N,Attempt to reschedule demo within 48h or escalate
L101021,2026-06-12 21:46:00,2026-06-15 21:19:00,71.55,MEDIUM,America/New_York,AD-06,IST_SHIFT,6,Y,Y,N,Attempt to reschedule demo within 48h or escalate
L104035,2026-07-05 05:32:00,2026-07-08 04:59:00,71.45,MEDIUM,Asia/Singapore,AD-02,US_SHIFT,1,Y,Y,N,Attempt to reschedule demo within 48h or escalate
L103580,2026-06-12 17:44:00,2026-06-15 17:07:00,71.38333333333334,MEDIUM,Australia/Sydney,AD-04,US_SHIFT,1,N,N,N,Attempt to reschedule demo within 48h or escalate
L100688,2026-06-08 18:20:00,2026-06-11 17:40:00,71.33333333333333,MEDIUM,America/New_York,AD-10,SEA_SHIFT,1,Y,Y,N,Attempt to reschedule demo within 48h or escalate
L103963,2026-06-08 12:13:00,2026-06-11 11:30:00,71.28333333333333,MEDIUM,America/New_York,AD-02,US_SHIFT,2,N,N,N,Attempt to reschedule demo within 48h or escalate
L103280,2026-06-14 14:35:00,2026-06-17 13:51:00,71.26666666666667,MEDIUM,Asia/Singapore,AD-11,SEA_SHIFT,5,N,N,N,Attempt to reschedule demo within 48h or escalate
L103044,2026-06-06 00:57:00,2026-06-09 00:07:00,71.16666666666667,MEDIUM,America/New_York,AD-04,US_SHIFT,2,Y,Y,N,Attempt to reschedule demo within 48h or escalate
L103336,2026-06-23 12:12:00,2026-06-26 11:21:00,71.15,MEDIUM,Asia/Dubai,AD-01,US_SHIFT,2,N,N,N,Attempt to reschedule demo within 48h or escalate
L102198,2026-07-19 08:06:00,2026-07-22 07:13:00,71.11666666666666,MEDIUM,America/New_York,AD-03,US_SHIFT,2,N,N,N,Attempt to reschedule demo within 48h or escalate
L104581,2026-07-11 23:58:00,2026-07-14 23:05:00,71.11666666666666,MEDIUM,America/New_York,AD-02,US_SHIFT,4,N,N,N,Attempt to reschedule demo within 48h or escalate
L101881,2026-07-03 19:30:00,2026-07-06 18:35:00,71.08333333333333,MEDIUM,Asia/Dubai,AD-08,IST_SHIFT,1,Y,Y,N,Attempt to reschedule demo within 48h or escalate
L102535,2026-06-13 09:40:00,2026-06-16 08:40:00,71.0,MEDIUM,Europe/London,AD-11,SEA_SHIFT,4,Y,Y,N,Attempt to reschedule demo within 48h or escalate
L104424,2026-06-13 10:11:00,2026-06-16 09:10:00,70.98333333333333,MEDIUM,Europe/London,AD-06,IST_SHIFT,0,Y,Y,N,Attempt to reschedule demo within 48h or escalate
L101709,2026-06-03 22:43:00,2026-06-06 21:39:00,70.93333333333334,MEDIUM,Europe/London,AD-08,IST_SHIFT,1,N,N,N,Attempt to reschedule demo within 48h or escalate
L102714,2026-07-02 13:24:00,2026-07-05 12:16:00,70.86666666666666,MEDIUM,Australia/Sydney,AD-07,IST_SHIFT,2,N,N,N,Attempt to reschedule demo within 48h or escalate
L104007,2026-07-12 06:18:00,2026-07-15 05:09:00,70.85,MEDIUM,Asia/Dubai,AD-02,US_SHIFT,4,Y,Y,N,Attempt to reschedule demo within 48h or escalate
L100974,2026-07-25 08:31:00,2026-07-28 07:09:00,70.63333333333334,MEDIUM,Europe/London,AD-03,US_SHIFT,6,N,N,N,Attempt to reschedule demo within 48h or escalate
L104822,2026-07-05 01:30:00,2026-07-08 00:04:00,70.56666666666666,MEDIUM,Asia/Riyadh,AD-01,US_SHIFT,0,Y,Y,N,Attempt to reschedule demo within 48h or escalate
L102466,2026-06-09 17:52:00,2026-06-12 16:10:00,70.3,MEDIUM,Asia/Singapore,AD-12,US_SHIFT,2,Y,Y,Y,Attempt to reschedule demo within 48h or escalate
L103600,2026-06-05 11:49:00,2026-06-08 09:59:00,70.16666666666667,MEDIUM,Australia/Sydney,AD-10,SEA_SHIFT,3,N,N,N,Attempt to reschedule demo within 48h or escalate
L101743,2026-07-30 17:28:00,2026-08-02 15:37:00,70.15,MEDIUM,Asia/Singapore,AD-07,IST_SHIFT,1,Y,N,N,Attempt to reschedule demo within 48h or escalate
L100371,2026-07-17 16:51:00,2026-07-20 14:56:00,70.08333333333333,MEDIUM,Europe/London,AD-11,SEA_SHIFT,4,N,N,N,Attempt to reschedule demo within 48h or escalate
L101573,2026-06-07 22:19:00,2026-06-10 20:22:00,70.05,MEDIUM,Asia/Kolkata,AD-01,US_SHIFT,1,N,N,N,Attempt to reschedule demo within 48h or escalate
L100794,2026-07-06 05:48:00,2026-07-09 03:49:00,70.01666666666667,MEDIUM,America/New_York,AD-07,IST_SHIFT,1,N,N,N,Attempt to reschedule demo within 48h or escalate
L102292,2026-07-17 02:02:00,2026-07-20 00:02:00,70.0,MEDIUM,Asia/Ho_Chi_Minh,AD-06,IST_SHIFT,5,N,N,N,Attempt to reschedule demo within 48h or escalate
L100754,2026-06-23 14:54:00,2026-06-26 12:48:00,69.9,MEDIUM,Australia/Sydney,AD-08,IST_SHIFT,2,Y,Y,N,Attempt to reschedule demo within 48h or escalate
L104715,2026-06-21 09:38:00,2026-06-24 07:31:00,69.88333333333334,MEDIUM,America/New_York,AD-11,SEA_SHIFT,2,N,N,N,Attempt to reschedule demo within 48h or escalate
L104644,2026-07-06 14:36:00,2026-07-09 12:27:00,69.85,MEDIUM,America/New_York,AD-02,US_SHIFT,2,N,N,N,Attempt to reschedule demo within 48h or escalate
L103246,2026-07-30 11:50:00,2026-08-02 09:34:00,69.73333333333333,MEDIUM,Asia/Ho_Chi_Minh,AD-09,IST_SHIFT,4,Y,Y,Y,Attempt to reschedule demo within 48h or escalate
L100142,2026-06-23 12:52:00,2026-06-26 10:35:00,69.71666666666667,MEDIUM,Asia/Dubai,AD-12,US_SHIFT,4,N,N,N,Attempt to reschedule demo within 48h or escalate
L102618,2026-06-26 16:36:00,2026-06-29 14:17:00,69.68333333333334,MEDIUM,Asia/Riyadh,AD-06,IST_SHIFT,1,Y,Y,N,Attempt to reschedule demo within 48h or escalate
L100452,2026-06-25 04:58:00,2026-06-28 02:37:00,69.65,MEDIUM,America/New_York,AD-01,US_SHIFT,3,N,N,N,Attempt to reschedule demo within 48h or escalate
L104498,2026-07-17 16:29:00,2026-07-20 14:08:00,69.65,MEDIUM,Asia/Dubai,AD-10,SEA_SHIFT,0,Y,Y,N,Attempt to reschedule demo within 48h or escalate
L104568,2026-06-06 15:51:00,2026-06-09 13:24:00,69.55,MEDIUM,America/New_York,AD-02,US_SHIFT,1,N,N,N,Attempt to reschedule demo within 48h or escalate
L101480,2026-07-29 22:42:00,2026-08-01 20:15:00,69.55,MEDIUM,America/New_York,AD-10,SEA_SHIFT,1,N,N,N,Attempt to reschedule demo within 48h or escalate
L102261,2026-07-24 06:36:00,2026-07-27 04:06:00,69.5,MEDIUM,Australia/Sydney,AD-12,US_SHIFT,3,N,N,N,Attempt to reschedule demo within 48h or escalate
L104544,2026-07-27 20:19:00,2026-07-30 17:48:00,69.48333333333333,MEDIUM,America/New_York,AD-01,US_SHIFT,3,N,N,N,Attempt to reschedule demo within 48h or escalate
L104524,2026-07-02 02:30:00,2026-07-04 23:50:00,69.33333333333333,MEDIUM,America/New_York,AD-09,IST_SHIFT,3,Y,Y,Y,Attempt to reschedule demo within 48h or escalate
L102184,2026-06-20 10:51:00,2026-06-23 07:55:00,69.06666666666666,MEDIUM,Australia/Sydney,AD-03,US_SHIFT,2,Y,Y,N,Attempt to reschedule demo within 48h or escalate
L101735,2026-07-29 23:01:00,2026-08-01 20:02:00,69.01666666666667,MEDIUM,Asia/Ho_Chi_Minh,AD-10,SEA_SHIFT,5,Y,Y,N,Attempt to reschedule demo within 48h or escalate
L100520,2026-06-16 15:38:00,2026-06-19 12:35:00,68.95,MEDIUM,Australia/Sydney,AD-04,US_SHIFT,3,Y,N,N,Attempt to reschedule demo within 48h or escalate
L104864,2026-06-17 02:33:00,2026-06-19 23:27:00,68.9,MEDIUM,Asia/Kolkata,AD-10,SEA_SHIFT,1,N,N,N,Attempt to reschedule demo within 48h or escalate
L102087,2026-07-04 09:02:00,2026-07-07 05:49:00,68.78333333333333,MEDIUM,Asia/Riyadh,AD-12,US_SHIFT,3,N,N,N,Attempt to reschedule demo within 48h or escalate
L102385,2026-07-21 05:31:00,2026-07-24 02:13:00,68.7,MEDIUM,Europe/London,AD-02,US_SHIFT,2,N,N,N,Attempt to reschedule demo within 48h or escalate
L101548,2026-06-09 09:02:00,2026-06-12 05:43:00,68.68333333333334,MEDIUM,Asia/Singapore,AD-07,IST_SHIFT,1,Y,Y,N,Attempt to reschedule demo within 48h or escalate
L104754,2026-07-18 11:27:00,2026-07-21 08:06:00,68.65,MEDIUM,Asia/Ho_Chi_Minh,AD-07,IST_SHIFT,2,N,N,N,Attempt to reschedule demo within 48h or escalate
L102875,2026-06-12 09:08:00,2026-06-15 05:45:00,68.61666666666666,MEDIUM,America/New_York,AD-04,US_SHIFT,3,Y,Y,N,Attempt to reschedule demo within 48h or escalate
L103499,2026-07-11 21:16:00,2026-07-14 17:42:00,68.43333333333334,MEDIUM,America/New_York,AD-03,US_SHIFT,3,Y,Y,Y,Attempt to reschedule demo within 48h or escalate
L103516,2026-06-13 16:45:00,2026-06-16 13:08:00,68.38333333333334,MEDIUM,Asia/Riyadh,AD-05,IST_SHIFT,2,N,N,N,Attempt to reschedule demo within 48h or escalate
L104243,2026-07-05 03:13:00,2026-07-07 23:33:00,68.33333333333333,MEDIUM,America/New_York,AD-05,IST_SHIFT,3,N,N,N,Attempt to reschedule demo within 48h or escalate
L104560,2026-06-22 15:54:00,2026-06-25 12:11:00,68.28333333333333,MEDIUM,Asia/Dubai,AD-01,US_SHIFT,5,Y,Y,N,Attempt to reschedule demo within 48h or escalate
L104296,2026-06-29 15:38:00,2026-07-02 11:54:00,68.26666666666667,MEDIUM,Asia/Kolkata,AD-10,SEA_SHIFT,4,N,N,N,Attempt to reschedule demo within 48h or escalate
L101532,2026-06-24 17:11:00,2026-06-27 13:24:00,68.21666666666667,MEDIUM,Asia/Kolkata,AD-05,IST_SHIFT,1,N,N,N,Attempt to reschedule demo within 48h or escalate
L103428,2026-06-30 08:29:00,2026-07-03 04:34:00,68.08333333333333,MEDIUM,America/New_York,AD-08,IST_SHIFT,1,Y,Y,N,Attempt to reschedule demo within 48h or escalate
L104095,2026-06-12 00:03:00,2026-06-14 20:01:00,67.96666666666667,MEDIUM,Asia/Ho_Chi_Minh,AD-06,IST_SHIFT,7,Y,Y,Y,Attempt to reschedule demo within 48h or escalate
L101685,2026-07-10 06:04:00,2026-07-13 01:58:00,67.9,MEDIUM,America/New_York,AD-03,US_SHIFT,7,Y,Y,N,Attempt to reschedule demo within 48h or escalate
L102852,2026-06-21 18:35:00,2026-06-24 14:25:00,67.83333333333333,MEDIUM,America/New_York,AD-01,US_SHIFT,2,N,N,N,Attempt to reschedule demo within 48h or escalate
L100619,2026-07-01 03:27:00,2026-07-03 23:15:00,67.8,MEDIUM,America/New_York,AD-11,SEA_SHIFT,3,Y,Y,Y,Attempt to reschedule demo within 48h or escalate
L104714,2026-06-28 14:57:00,2026-07-01 10:44:00,67.78333333333333,MEDIUM,America/New_York,AD-04,US_SHIFT,6,N,N,N,Attempt to reschedule demo within 48h or escalate
L100503,2026-06-20 04:43:00,2026-06-23 00:30:00,67.78333333333333,MEDIUM,America/New_York,AD-06,IST_SHIFT,2,Y,Y,N,Attempt to reschedule demo within 48h or escalate
L102056,2026-07-11 12:07:00,2026-07-14 07:54:00,67.78333333333333,MEDIUM,Asia/Riyadh,AD-12,US_SHIFT,2,Y,Y,N,Attempt to reschedule demo within 48h or escalate
L102276,2026-07-02 11:28:00,2026-07-05 07:12:00,67.73333333333333,MEDIUM,Asia/Kolkata,AD-10,SEA_SHIFT,3,N,N,N,Attempt to reschedule demo within 48h or escalate
L100605,2026-06-02 10:02:00,2026-06-05 05:38:00,67.6,MEDIUM,America/New_York,AD-03,US_SHIFT,7,N,N,N,Attempt to reschedule demo within 48h or escalate
L104234,2026-06-21 00:10:00,2026-06-23 19:45:00,67.58333333333333,MEDIUM,Asia/Ho_Chi_Minh,AD-10,SEA_SHIFT,1,N,N,N,Attempt to reschedule demo within 48h or escalate
L104693,2026-06-12 09:55:00,2026-06-15 05:26:00,67.51666666666667,MEDIUM,Asia/Singapore,AD-05,IST_SHIFT,1,N,N,N,Attempt to reschedule demo within 48h or escalate
L102769,2026-07-18 05:59:00,2026-07-21 01:30:00,67.51666666666667,MEDIUM,Asia/Kolkata,AD-08,IST_SHIFT,5,Y,Y,N,Attempt to reschedule demo within 48h or escalate
L100795,2026-06-07 08:30:00,2026-06-10 03:59:00,67.48333333333333,MEDIUM,America/New_York,AD-01,US_SHIFT,5,Y,Y,N,Attempt to reschedule demo within 48h or escalate
L102435,2026-07-09 20:09:00,2026-07-12 15:37:00,67.46666666666667,MEDIUM,Asia/Riyadh,AD-06,IST_SHIFT,1,N,N,N,Attempt to reschedule demo within 48h or escalate
L100008,2026-07-22 14:34:00,2026-07-25 09:48:00,67.23333333333333,MEDIUM,Asia/Riyadh,AD-10,SEA_SHIFT,2,N,N,N,Attempt to reschedule demo within 48h or escalate
L100793,2026-06-01 23:01:00,2026-06-04 18:10:00,67.15,MEDIUM,America/New_York,AD-06,IST_SHIFT,3,N,N,N,Attempt to reschedule demo within 48h or escalate
L102764,2026-06-24 04:39:00,2026-06-26 23:45:00,67.1,MEDIUM,Asia/Dubai,AD-08,IST_SHIFT,4,N,N,N,Attempt to reschedule demo within 48h or escalate
L102395,2026-07-06 00:13:00,2026-07-08 19:11:00,66.96666666666667,MEDIUM,Asia/Ho_Chi_Minh,AD-07,IST_SHIFT,1,N,N,N,Attempt to reschedule demo within 48h or escalate
L103048,2026-07-15 17:54:00,2026-07-18 12:51:00,66.95,MEDIUM,Asia/Ho_Chi_Minh,AD-03,US_SHIFT,5,N,N,N,Attempt to reschedule demo within 48h or escalate
L104984,2026-06-01 01:12:00,2026-06-03 20:04:00,66.86666666666666,MEDIUM,Asia/Ho_Chi_Minh,AD-05,IST_SHIFT,4,N,N,N,Attempt to reschedule demo within 48h or escalate
L104259,2026-06-05 06:50:00,2026-06-08 01:41:00,66.85,MEDIUM,Asia/Ho_Chi_Minh,AD-05,IST_SHIFT,2,Y,Y,N,Attempt to reschedule demo within 48h or escalate
L104778,2026-07-05 23:13:00,2026-07-08 18:03:00,66.83333333333333,MEDIUM,Asia/Dubai,AD-07,IST_SHIFT,3,N,N,N,Attempt to reschedule demo within 48h or escalate
L102074,2026-07-11 10:24:00,2026-07-14 05:12:00,66.8,MEDIUM,Europe/London,AD-01,US_SHIFT,2,Y,Y,N,Attempt to reschedule demo within 48h or escalate
L104598,2026-07-01 11:34:00,2026-07-04 06:22:00,66.8,MEDIUM,Asia/Dubai,AD-05,IST_SHIFT,3,N,N,N,Attempt to reschedule demo within 48h or escalate
L102742,2026-06-11 14:04:00,2026-06-14 08:40:00,66.6,MEDIUM,America/New_York,AD-11,SEA_SHIFT,2,Y,Y,N,Attempt to reschedule demo within 48h or escalate
L102253,2026-07-05 06:46:00,2026-07-08 01:21:00,66.58333333333333,MEDIUM,Asia/Kolkata,AD-04,US_SHIFT,4,Y,Y,N,Attempt to reschedule demo within 48h or escalate
L104045,2026-06-14 14:38:00,2026-06-17 09:06:00,66.46666666666667,MEDIUM,America/New_York,AD-01,US_SHIFT,0,N,N,N,Attempt to reschedule demo within 48h or escalate
L100959,2026-07-31 17:21:00,2026-08-03 11:35:00,66.23333333333333,MEDIUM,Asia/Riyadh,AD-01,US_SHIFT,4,N,N,N,Attempt to reschedule demo within 48h or escalate
L104725,2026-06-29 00:45:00,2026-07-01 18:54:00,66.15,MEDIUM,Asia/Ho_Chi_Minh,AD-07,IST_SHIFT,2,N,N,N,Attempt to reschedule demo within 48h or escalate
L104553,2026-06-23 22:39:00,2026-06-26 16:46:00,66.11666666666666,MEDIUM,Asia/Kolkata,AD-01,US_SHIFT,4,Y,Y,N,Attempt to reschedule demo within 48h or escalate
L101438,2026-06-13 23:45:00,2026-06-16 17:27:00,65.7,MEDIUM,Asia/Riyadh,AD-02,US_SHIFT,2,Y,Y,N,Attempt to reschedule demo within 48h or escalate
L103639,2026-06-25 13:36:00,2026-06-28 07:00:00,65.4,MEDIUM,Australia/Sydney,AD-07,IST_SHIFT,6,Y,Y,Y,Attempt to reschedule demo within 48h or escalate
L100009,2026-06-21 09:41:00,2026-06-24 03:02:00,65.35,MEDIUM,Asia/Dubai,AD-02,US_SHIFT,3,N,N,N,Attempt to reschedule demo within 48h or escalate
L103271,2026-06-02 14:43:00,2026-06-05 08:03:00,65.33333333333333,MEDIUM,Asia/Kolkata,AD-07,IST_SHIFT,4,Y,Y,N,Attempt to reschedule demo within 48h or escalate
L101450,2026-06-19 18:29:00,2026-06-22 11:47:00,65.3,MEDIUM,Asia/Dubai,AD-05,IST_SHIFT,5,Y,N,N,Attempt to reschedule demo within 48h or escalate
L104388,2026-07-11 18:00:00,2026-07-14 11:06:00,65.1,MEDIUM,America/New_York,AD-10,SEA_SHIFT,3,N,N,N,Attempt to reschedule demo within 48h or escalate
L104692,2026-06-27 16:17:00,2026-06-30 09:23:00,65.1,MEDIUM,Asia/Kolkata,AD-05,IST_SHIFT,5,N,N,N,Attempt to reschedule demo within 48h or escalate
L101575,2026-07-26 21:07:00,2026-07-29 14:08:00,65.01666666666667,MEDIUM,Europe/London,AD-09,IST_SHIFT,2,N,N,N,Attempt to reschedule demo within 48h or escalate
L100970,2026-07-21 19:51:00,2026-07-24 12:47:00,64.93333333333334,MEDIUM,America/New_York,AD-06,IST_SHIFT,1,N,N,N,Attempt to reschedule demo within 48h or escalate
L101604,2026-06-07 12:51:00,2026-06-10 05:47:00,64.93333333333334,MEDIUM,Europe/London,AD-02,US_SHIFT,1,Y,Y,N,Attempt to reschedule demo within 48h or escalate
L101023,2026-06-04 08:58:00,2026-06-07 01:43:00,64.75,MEDIUM,America/New_York,AD-06,IST_SHIFT,4,N,N,N,Attempt to reschedule demo within 48h or escalate
L101305,2026-06-07 18:26:00,2026-06-10 11:01:00,64.58333333333333,MEDIUM,Asia/Dubai,AD-04,US_SHIFT,3,N,N,N,Attempt to reschedule demo within 48h or escalate
L100032,2026-07-09 11:47:00,2026-07-12 04:20:00,64.55,MEDIUM,America/New_York,AD-04,US_SHIFT,0,N,N,N,Attempt to reschedule demo within 48h or escalate
L101155,2026-07-03 14:05:00,2026-07-06 06:38:00,64.55,MEDIUM,Australia/Sydney,AD-11,SEA_SHIFT,3,Y,Y,N,Attempt to reschedule demo within 48h or escalate
L100592,2026-07-17 07:28:00,2026-07-19 23:51:00,64.38333333333334,MEDIUM,America/New_York,AD-04,US_SHIFT,3,Y,Y,N,Attempt to reschedule demo within 48h or escalate
L103172,2026-07-05 17:53:00,2026-07-08 10:15:00,64.36666666666666,MEDIUM,America/New_York,AD-05,IST_SHIFT,3,Y,N,N,Attempt to reschedule demo within 48h or escalate
L103404,2026-07-06 16:26:00,2026-07-09 08:41:00,64.25,MEDIUM,Europe/London,AD-06,IST_SHIFT,1,Y,Y,N,Attempt to reschedule demo within 48h or escalate
L101885,2026-07-11 04:25:00,2026-07-13 20:33:00,64.13333333333334,MEDIUM,America/New_York,AD-09,IST_SHIFT,5,Y,Y,N,Attempt to reschedule demo within 48h or escalate
L103168,2026-07-02 05:43:00,2026-07-04 21:33:00,63.833333333333336,MEDIUM,Asia/Ho_Chi_Minh,AD-07,IST_SHIFT,4,N,N,N,Attempt to reschedule demo within 48h or escalate
L100084,2026-06-03 07:49:00,2026-06-05 23:34:00,63.75,MEDIUM,Asia/Ho_Chi_Minh,AD-12,US_SHIFT,3,Y,Y,N,Attempt to reschedule demo within 48h or escalate
L101769,2026-07-05 06:14:00,2026-07-07 21:57:00,63.71666666666667,MEDIUM,Asia/Ho_Chi_Minh,AD-12,US_SHIFT,1,Y,N,N,Attempt to reschedule demo within 48h or escalate
L104503,2026-07-07 20:14:00,2026-07-10 11:55:00,63.68333333333333,MEDIUM,America/New_York,AD-03,US_SHIFT,2,N,N,N,Attempt to reschedule demo within 48h or escalate
L102158,2026-06-07 21:57:00,2026-06-10 13:37:00,63.666666666666664,MEDIUM,America/New_York,AD-04,US_SHIFT,3,Y,Y,N,Attempt to reschedule demo within 48h or escalate
L103879,2026-06-07 13:41:00,2026-06-10 04:47:00,63.1,MEDIUM,Europe/London,AD-05,IST_SHIFT,1,N,N,N,Attempt to reschedule demo within 48h or escalate
L101082,2026-07-27 21:03:00,2026-07-30 11:59:00,62.93333333333333,MEDIUM,Asia/Riyadh,AD-11,SEA_SHIFT,1,N,N,N,Attempt to reschedule demo within 48h or escalate
L101706,2026-06-19 12:36:00,2026-06-22 03:21:00,62.75,MEDIUM,Europe/London,AD-01,US_SHIFT,4,Y,Y,N,Attempt to reschedule demo within 48h or escalate
L100194,2026-06-29 06:06:00,2026-07-01 20:50:00,62.733333333333334,MEDIUM,America/New_York,AD-02,US_SHIFT,1,N,N,N,Attempt to reschedule demo within 48h or escalate
L101511,2026-06-08 00:06:00,2026-06-10 14:47:00,62.68333333333333,MEDIUM,America/New_York,AD-05,IST_SHIFT,0,Y,N,N,Attempt to reschedule demo within 48h or escalate
L101818,2026-06-11 09:51:00,2026-06-14 00:14:00,62.38333333333333,MEDIUM,Asia/Riyadh,AD-05,IST_SHIFT,4,Y,Y,Y,Attempt to reschedule demo within 48h or escalate
L102486,2026-06-28 01:18:00,2026-06-30 15:37:00,62.31666666666667,MEDIUM,America/New_York,AD-07,IST_SHIFT,1,N,N,N,Attempt to reschedule demo within 48h or escalate
L100869,2026-07-08 11:32:00,2026-07-11 01:48:00,62.266666666666666,MEDIUM,Europe/London,AD-05,IST_SHIFT,2,N,N,N,Attempt to reschedule demo within 48h or escalate
L104158,2026-07-29 18:49:00,2026-08-01 09:00:00,62.18333333333333,MEDIUM,Asia/Kolkata,AD-03,US_SHIFT,7,N,N,N,Attempt to reschedule demo within 48h or escalate
L102281,2026-06-23 01:07:00,2026-06-25 15:04:00,61.95,MEDIUM,Asia/Ho_Chi_Minh,AD-10,SEA_SHIFT,0,N,N,N,Attempt to reschedule demo within 48h or escalate
L103217,2026-06-20 13:24:00,2026-06-23 03:17:00,61.88333333333333,MEDIUM,America/New_York,AD-06,IST_SHIFT,2,N,N,N,Attempt to reschedule demo within 48h or escalate
L100179,2026-06-03 19:39:00,2026-06-06 09:01:00,61.36666666666667,MEDIUM,Asia/Riyadh,AD-06,IST_SHIFT,2,Y,Y,N,Attempt to reschedule demo within 48h or escalate
L102329,2026-06-12 05:08:00,2026-06-14 18:10:00,61.03333333333333,MEDIUM,Asia/Singapore,AD-10,SEA_SHIFT,2,Y,Y,N,Attempt to reschedule demo within 48h or escalate
L101181,2026-06-18 00:05:00,2026-06-20 12:56:00,60.85,MEDIUM,Asia/Riyadh,AD-11,SEA_SHIFT,3,Y,Y,N,Attempt to reschedule demo within 48h or escalate
L101907,2026-06-22 00:29:00,2026-06-24 13:11:00,60.7,MEDIUM,Asia/Ho_Chi_Minh,AD-09,IST_SHIFT,1,N,N,N,Attempt to reschedule demo within 48h or escalate
L102712,2026-07-29 09:47:00,2026-07-31 22:16:00,60.483333333333334,MEDIUM,America/New_York,AD-01,US_SHIFT,2,Y,Y,N,Attempt to reschedule demo within 48h or escalate
L103935,2026-06-10 19:04:00,2026-06-13 07:19:00,60.25,MEDIUM,Asia/Kolkata,AD-09,IST_SHIFT,4,N,N,N,Attempt to reschedule demo within 48h or escalate
L101719,2026-07-16 05:04:00,2026-07-18 17:05:00,60.016666666666666,MEDIUM,Europe/London,AD-10,SEA_SHIFT,3,N,N,N,Attempt to reschedule demo within 48h or escalate
L103951,2026-06-11 02:00:00,2026-06-13 13:54:00,59.9,MEDIUM,America/New_York,AD-10,SEA_SHIFT,0,Y,Y,N,Attempt to reschedule demo within 48h or escalate
L102857,2026-06-25 07:50:00,2026-06-27 19:43:00,59.88333333333333,MEDIUM,America/New_York,AD-01,US_SHIFT,2,Y,Y,N,Attempt to reschedule demo within 48h or escalate
L101817,2026-06-26 03:17:00,2026-06-28 14:49:00,59.53333333333333,MEDIUM,Asia/Ho_Chi_Minh,AD-01,US_SHIFT,3,N,N,N,Attempt to reschedule demo within 48h or escalate
L102685,2026-06-08 16:27:00,2026-06-11 03:57:00,59.5,MEDIUM,Asia/Ho_Chi_Minh,AD-12,US_SHIFT,0,N,N,N,Attempt to reschedule demo within 48h or escalate
L102166,2026-07-24 08:33:00,2026-07-26 19:49:00,59.266666666666666,MEDIUM,America/New_York,AD-12,US_SHIFT,5,N,N,N,Attempt to reschedule demo within 48h or escalate
L101813,2026-06-15 02:35:00,2026-06-17 13:50:00,59.25,MEDIUM,Asia/Riyadh,AD-11,SEA_SHIFT,1,N,N,N,Attempt to reschedule demo within 48h or escalate
L104884,2026-06-22 15:17:00,2026-06-25 02:21:00,59.06666666666667,MEDIUM,Europe/London,AD-10,SEA_SHIFT,2,Y,Y,N,Attempt to reschedule demo within 48h or escalate
L103890,2026-06-28 04:22:00,2026-06-30 15:24:00,59.03333333333333,MEDIUM,Asia/Riyadh,AD-09,IST_SHIFT,0,N,N,N,Attempt to reschedule demo within 48h or escalate
L103282,2026-07-14 00:51:00,2026-07-16 11:48:00,58.95,MEDIUM,America/New_York,AD-07,IST_SHIFT,1,N,N,N,Attempt to reschedule demo within 48h or escalate
L100674,2026-07-20 06:22:00,2026-07-22 17:13:00,58.85,MEDIUM,America/New_York,AD-09,IST_SHIFT,1,N,N,N,Attempt to reschedule demo within 48h or escalate
L103231,2026-07-29 21:33:00,2026-08-01 08:23:00,58.833333333333336,MEDIUM,Asia/Ho_Chi_Minh,AD-05,IST_SHIFT,1,Y,Y,N,Attempt to reschedule demo within 48h or escalate
L100019,2026-06-27 21:15:00,2026-06-30 07:17:00,58.03333333333333,MEDIUM,Asia/Kolkata,AD-10,SEA_SHIFT,3,Y,Y,N,Attempt to reschedule demo within 48h or escalate
L101889,2026-07-11 10:37:00,2026-07-13 20:38:00,58.016666666666666,MEDIUM,Asia/Ho_Chi_Minh,AD-08,IST_SHIFT,0,N,N,N,Attempt to reschedule demo within 48h or escalate
L103498,2026-07-07 07:41:00,2026-07-09 17:08:00,57.45,MEDIUM,America/New_York,AD-01,US_SHIFT,1,Y,Y,N,Attempt to reschedule demo within 48h or escalate
L103688,2026-07-11 15:36:00,2026-07-14 00:58:00,57.36666666666667,MEDIUM,Asia/Ho_Chi_Minh,AD-05,IST_SHIFT,2,N,N,N,Attempt to reschedule demo within 48h or escalate
L102121,2026-06-11 23:34:00,2026-06-14 08:46:00,57.2,MEDIUM,Europe/London,AD-01,US_SHIFT,1,N,N,N,Attempt to reschedule demo within 48h or escalate
L102080,2026-06-14 20:04:00,2026-06-17 04:58:00,56.9,MEDIUM,America/New_York,AD-02,US_SHIFT,3,Y,Y,N,Attempt to reschedule demo within 48h or escalate
L101956,2026-06-02 23:56:00,2026-06-05 08:36:00,56.666666666666664,MEDIUM,Asia/Riyadh,AD-06,IST_SHIFT,4,Y,N,N,Attempt to reschedule demo within 48h or escalate
L103772,2026-07-05 23:15:00,2026-07-08 07:50:00,56.583333333333336,MEDIUM,America/New_York,AD-01,US_SHIFT,5,N,N,N,Attempt to reschedule demo within 48h or escalate
L103210,2026-06-19 19:35:00,2026-06-22 03:46:00,56.18333333333333,MEDIUM,Asia/Riyadh,AD-12,US_SHIFT,6,N,N,N,Attempt to reschedule demo within 48h or escalate
L104940,2026-06-21 16:40:00,2026-06-24 00:39:00,55.983333333333334,MEDIUM,Asia/Riyadh,AD-11,SEA_SHIFT,2,N,N,N,Attempt to reschedule demo within 48h or escalate
L101646,2026-06-16 04:53:00,2026-06-18 12:49:00,55.93333333333333,MEDIUM,Asia/Dubai,AD-08,IST_SHIFT,4,Y,Y,N,Attempt to reschedule demo within 48h or escalate
L101705,2026-06-10 15:25:00,2026-06-12 23:08:00,55.71666666666667,MEDIUM,Asia/Riyadh,AD-09,IST_SHIFT,1,N,N,N,Attempt to reschedule demo within 48h or escalate
L104450,2026-07-04 19:35:00,2026-07-07 02:49:00,55.233333333333334,MEDIUM,Asia/Ho_Chi_Minh,AD-06,IST_SHIFT,2,N,N,N,Attempt to reschedule demo within 48h or escalate
L104612,2026-07-23 00:17:00,2026-07-25 07:30:00,55.21666666666667,MEDIUM,Europe/London,AD-11,SEA_SHIFT,2,N,N,N,Attempt to reschedule demo within 48h or escalate
L102549,2026-06-27 03:19:00,2026-06-29 10:30:00,55.18333333333333,MEDIUM,Asia/Kolkata,AD-06,IST_SHIFT,0,N,N,N,Attempt to reschedule demo within 48h or escalate
L100659,2026-06-01 05:42:00,2026-06-03 12:34:00,54.86666666666667,MEDIUM,Asia/Dubai,AD-05,IST_SHIFT,1,Y,Y,N,Attempt to reschedule demo within 48h or escalate
L100090,2026-06-30 10:50:00,2026-07-02 17:34:00,54.733333333333334,MEDIUM,Asia/Singapore,AD-07,IST_SHIFT,1,N,N,N,Attempt to reschedule demo within 48h or escalate
L104051,2026-06-02 21:13:00,2026-06-05 03:56:00,54.71666666666667,MEDIUM,Asia/Kolkata,AD-06,IST_SHIFT,2,N,N,N,Attempt to reschedule demo within 48h or escalate
L103991,2026-06-09 01:36:00,2026-06-11 07:56:00,54.333333333333336,MEDIUM,America/New_York,AD-02,US_SHIFT,4,N,N,N,Attempt to reschedule demo within 48h or escalate
L102853,2026-06-28 23:07:00,2026-07-01 05:05:00,53.96666666666667,MEDIUM,Europe/London,AD-11,SEA_SHIFT,5,Y,Y,N,Attempt to reschedule demo within 48h or escalate
L102217,2026-06-19 17:10:00,2026-06-21 22:41:00,53.516666666666666,MEDIUM,America/New_York,AD-12,US_SHIFT,4,Y,Y,N,Attempt to reschedule demo within 48h or escalate
L101088,2026-06-15 13:36:00,2026-06-17 19:02:00,53.43333333333333,MEDIUM,America/New_York,AD-06,IST_SHIFT,2,Y,Y,N,Attempt to reschedule demo within 48h or escalate
L102644,2026-07-09 03:07:00,2026-07-11 08:22:00,53.25,MEDIUM,Asia/Singapore,AD-03,US_SHIFT,4,N,N,N,Attempt to reschedule demo within 48h or escalate
L102214,2026-06-16 16:05:00,2026-06-18 21:20:00,53.25,MEDIUM,America/New_York,AD-04,US_SHIFT,3,Y,Y,N,Attempt to reschedule demo within 48h or escalate
L102551,2026-06-07 21:20:00,2026-06-10 01:42:00,52.36666666666667,MEDIUM,America/New_York,AD-07,IST_SHIFT,5,N,N,N,Attempt to reschedule demo within 48h or escalate
L102257,2026-07-10 05:05:00,2026-07-12 09:23:00,52.3,MEDIUM,Asia/Dubai,AD-03,US_SHIFT,1,N,N,N,Attempt to reschedule demo within 48h or escalate
L101185,2026-07-25 09:11:00,2026-07-27 13:13:00,52.03333333333333,MEDIUM,America/New_York,AD-08,IST_SHIFT,7,Y,Y,N,Attempt to reschedule demo within 48h or escalate
L104236,2026-07-16 14:31:00,2026-07-18 18:16:00,51.75,MEDIUM,Europe/London,AD-07,IST_SHIFT,4,Y,Y,N,Attempt to reschedule demo within 48h or escalate
L103165,2026-06-02 18:25:00,2026-06-04 22:09:00,51.733333333333334,MEDIUM,America/New_York,AD-12,US_SHIFT,3,Y,Y,N,Attempt to reschedule demo within 48h or escalate
L103156,2026-07-03 05:48:00,2026-07-05 09:29:00,51.68333333333333,MEDIUM,America/New_York,AD-07,IST_SHIFT,1,Y,Y,Y,Attempt to reschedule demo within 48h or escalate
L103798,2026-07-14 12:34:00,2026-07-16 16:13:00,51.65,MEDIUM,Asia/Dubai,AD-12,US_SHIFT,6,N,N,N,Attempt to reschedule demo within 48h or escalate
L104308,2026-07-12 06:00:00,2026-07-14 09:33:00,51.55,MEDIUM,Asia/Ho_Chi_Minh,AD-01,US_SHIFT,2,N,N,N,Attempt to reschedule demo within 48h or escalate
L102011,2026-06-16 01:16:00,2026-06-18 04:45:00,51.483333333333334,MEDIUM,Asia/Kolkata,AD-11,SEA_SHIFT,2,N,N,N,Attempt to reschedule demo within 48h or escalate
L103729,2026-07-14 13:55:00,2026-07-16 17:10:00,51.25,MEDIUM,America/New_York,AD-05,IST_SHIFT,1,Y,Y,N,Attempt to reschedule demo within 48h or escalate
L103207,2026-07-08 02:18:00,2026-07-10 04:59:00,50.68333333333333,MEDIUM,Asia/Ho_Chi_Minh,AD-07,IST_SHIFT,1,Y,Y,N,Attempt to reschedule demo within 48h or escalate
L101242,2026-06-04 09:27:00,2026-06-06 11:47:00,50.333333333333336,MEDIUM,Europe/London,AD-12,US_SHIFT,2,N,N,N,Attempt to reschedule demo within 48h or escalate
L101815,2026-07-14 19:19:00,2026-07-16 21:36:00,50.28333333333333,MEDIUM,America/New_York,AD-11,SEA_SHIFT,3,Y,Y,N,Attempt to reschedule demo within 48h or escalate
L104621,2026-06-01 13:44:00,2026-06-03 15:58:00,50.233333333333334,MEDIUM,Asia/Ho_Chi_Minh,AD-11,SEA_SHIFT,2,Y,Y,N,Attempt to reschedule demo within 48h or escalate
L103298,2026-06-03 20:29:00,2026-06-05 22:34:00,50.083333333333336,MEDIUM,America/New_York,AD-11,SEA_SHIFT,1,N,N,N,Attempt to reschedule demo within 48h or escalate
L103125,2026-07-18 13:25:00,2026-07-20 15:28:00,50.05,MEDIUM,Asia/Singapore,AD-11,SEA_SHIFT,1,N,N,N,Attempt to reschedule demo within 48h or escalate
L103950,2026-07-02 07:07:00,2026-07-04 08:45:00,49.63333333333333,MEDIUM,Europe/London,AD-04,US_SHIFT,1,Y,N,N,Attempt to reschedule demo within 48h or escalate
L101607,2026-07-05 12:01:00,2026-07-07 13:06:00,49.083333333333336,MEDIUM,Asia/Ho_Chi_Minh,AD-06,IST_SHIFT,2,N,N,N,Attempt to reschedule demo within 48h or escalate
L104468,2026-07-08 10:47:00,2026-07-10 11:43:00,48.93333333333333,MEDIUM,America/New_York,AD-07,IST_SHIFT,3,N,N,N,Attempt to reschedule demo within 48h or escalate
L101745,2026-06-13 15:36:00,2026-06-15 16:22:00,48.766666666666666,MEDIUM,Europe/London,AD-09,IST_SHIFT,3,Y,Y,N,Attempt to reschedule demo within 48h or escalate
L101682,2026-06-10 06:45:00,2026-06-12 07:26:00,48.68333333333333,MEDIUM,Asia/Ho_Chi_Minh,AD-05,IST_SHIFT,4,N,N,N,Attempt to reschedule demo within 48h or escalate
L104607,2026-06-06 16:18:00,2026-06-08 16:58:00,48.666666666666664,MEDIUM,Asia/Kolkata,AD-05,IST_SHIFT,4,Y,Y,Y,Attempt to reschedule demo within 48h or escalate
L103522,2026-07-07 19:13:00,2026-07-09 19:40:00,48.45,MEDIUM,Asia/Singapore,AD-09,IST_SHIFT,1,N,N,N,Attempt to reschedule demo within 48h or escalate
L104073,2026-07-30 12:50:00,2026-08-01 13:15:00,48.416666666666664,MEDIUM,Asia/Kolkata,AD-03,US_SHIFT,0,N,N,N,Attempt to reschedule demo within 48h or escalate
